"School Name","State Name [Public School] Latest available year","School Name [Public School] 2013-14","School ID - NCES Assigned [Public School] Latest available year","Agency Name [Public School] 2013-14","Agency ID - NCES Assigned [Public School] Latest available year","County Name [Public School] 2013-14","County Number [Public School] 2013-14","ANSI/FIPS State Code [Public School] Latest available year","Location Address [Public School] 2013-14","Location City [Public School] 2013-14","Location State Abbr [Public School] 2013-14","Location ZIP [Public School] 2013-14","Location ZIP4 [Public School] 2013-14","Mailing Address [Public School] 2013-14","Mailing City [Public School] 2013-14","Mailing State Abbr [Public School] 2013-14","Mailing ZIP [Public School] 2013-14","Mailing ZIP4 [Public School] 2013-14","Phone Number [Public School] 2013-14","School Type [Public School] 2013-14","Latitude [Public School] 2013-14","Longitude [Public School] 2013-14","State School ID [Public School] 2013-14","State Agency ID [Public School] 2013-14","Congressional Code [Public School] 2013-14","Lowest Grade Offered [Public School] 2013-14","Highest Grade Offered [Public School] 2013-14","Total Students [Public School] 2013-14"
"ACADEMIA ANTONIA ALONSO","Delaware","ACADEMIA ANTONIA ALONSO","100005300359","ACADEMIA ANTONIA ALONSO","1000053","KENT COUNTY","10001","10","401 FEDERAL ST","DOVER","DE ","19901","","401 FEDERAL STREET- SUITE 2","DOVER","DE ","19901","","3027354000","1-Regular school","39.158000","-75.521900","4045","9605","1000","†","†","†"
"ACADEMY OF DOVER CHARTER SCHOOL","Delaware","ACADEMY OF DOVER CHARTER SCHOOL","100001700144","ACADEMY OF DOVER CHARTER SCHOOL","1000017","KENT COUNTY","10001","10","104 SAULSBURY RD","DOVER","DE ","19904","","104 SAULSBURY ROAD","DOVER","DE ","19904","","3026740684","1-Regular school","39.161800","-75.544400","584","85","1000","Kindergarten","6th Grade","308"
"APPOQUINIMINK HIGH SCHOOL","Delaware","APPOQUINIMINK HIGH SCHOOL","100008000225","APPOQUINIMINK SCHOOL DISTRICT","1000080","NEW CASTLE COUNTY","10003","10","1080 BUNKER HILL RD","MIDDLETOWN","DE ","19709","","1080 BUNKER HILL ROAD","MIDDLETOWN","DE ","19709","","3024493840","1-Regular school","39.454200","-75.747500","24","29","1000","9th Grade","12th Grade","1539"
"BALTZ (AUSTIN D.) ELEMENTARY SCHOOL","Delaware","BALTZ (AUSTIN D.) ELEMENTARY SCHOOL","100130000264","RED CLAY CONSOLIDATED SCHOOL DISTRICT","1001300","NEW CASTLE COUNTY","10003","10","1500 SPRUCE AVE","WILMINGTON","DE ","19805","2195","1500 SPRUCE AVENUE","WILMINGTON","DE ","19805","2195","3029925560","1-Regular school","39.743600","-75.599700","252","32","1000","Prekindergarten","5th Grade","628"
"BANCROFT ELEMENTARY SCHOOL","Delaware","BANCROFT ELEMENTARY SCHOOL","100020000233","CHRISTINA SCHOOL DISTRICT","1000200","NEW CASTLE COUNTY","10003","10","700 NORTH LOMBARD ST","WILMINGTON","DE ","19801","4299","700 NORTH LOMBARD STREET","WILMINGTON","DE ","19801","4299","3024294102","1-Regular school","39.740000","-75.544300","350","33","1000","Prekindergarten","5th Grade","415"
"BANNEKER (BENJAMIN) ELEMENTARY SCHOOL","Delaware","BANNEKER (BENJAMIN) ELEMENTARY SCHOOL","100108000107","MILFORD SCHOOL DISTRICT","1001080","KENT COUNTY","10001","10","449 NORTH ST","MILFORD","DE ","19963","1199","449 NORTH STREET","MILFORD","DE ","19963","1199","3024221630","1-Regular school","38.920700","-75.431400","668","18","1000","1st Grade","5th Grade","525"
"BAYARD MIDDLE SCHOOL","Delaware","BAYARD MIDDLE SCHOOL","100020000232","CHRISTINA SCHOOL DISTRICT","1000200","NEW CASTLE COUNTY","10003","10","200 SOUTH DUPONT ST","WILMINGTON","DE ","19805","3975","200 SOUTH DUPONT STREET","WILMINGTON","DE ","19805","3975","3024294118","1-Regular school","39.743500","-75.571600","352","33","1000","6th Grade","8th Grade","463"
"BEACON MIDDLE SCHOOL","Delaware","BEACON MIDDLE SCHOOL","100017000037","CAPE HENLOPEN SCHOOL DISTRICT","1000170","SUSSEX COUNTY","10005","10","19483 JOHN J. WILLIAMS HWY","LEWES","DE ","19958","1598","19483 JOHN J. WILLIAMS HIGHWAY","LEWES","DE ","19958","1598","3026456288","1-Regular school","38.714400","-75.148700","724","17","1000","4th Grade","8th Grade","559"
"BEDFORD (GUNNING) MIDDLE SCHOOL","Delaware","BEDFORD (GUNNING) MIDDLE SCHOOL","100023000208","COLONIAL SCHOOL DISTRICT","1000230","NEW CASTLE COUNTY","10003","10","801 COX NECK RD","NEW CASTLE","DE ","19720","5705","801 COX NECK ROAD","NEW CASTLE","DE ","19720","5705","3028326280","1-Regular school","39.564500","-75.630100","470","34","1000","6th Grade","8th Grade","984"
"BLADES ELEMENTARY SCHOOL","Delaware","BLADES ELEMENTARY SCHOOL","100153000020","SEAFORD SCHOOL DISTRICT","1001530","SUSSEX COUNTY","10005","10","900 SOUTH ARCH ST","BLADES","DE ","19973","4553","900 SOUTH ARCH STREET","BLADES","DE ","19973","4553","3026284416","1-Regular school","38.631000","-75.606300","761","23","1000","Prekindergarten","5th Grade","542"
"BOOKER T. WASHINGTON ELEMENTARY SCHOOL","Delaware","BOOKER T. WASHINGTON ELEMENTARY SCHOOL","100019000057","CAPITAL SCHOOL DISTRICT","1000190","KENT COUNTY","10001","10","901 FOREST ST","DOVER","DE ","19904","3497","901 FOREST STREET","DOVER","DE ","19904","3497","3026721900","1-Regular school","39.159800","-75.539000","636","13","1000","Kindergarten","4th Grade","305"
"BRADER (HENRY M.) ELEMENTARY SCHOOL","Delaware","BRADER (HENRY M.) ELEMENTARY SCHOOL","100020000323","CHRISTINA SCHOOL DISTRICT","1000200","NEW CASTLE COUNTY","10003","10","350 FOUR SEASONS PARKWAY","NEWARK","DE ","19702","2326","350 FOUR SEASONS PARKWAY","NEWARK","DE ","19702","2326","3024545959","1-Regular school","39.625600","-75.754200","339","33","1000","Prekindergarten","5th Grade","515"
"BRANDYWINE HIGH SCHOOL","Delaware","BRANDYWINE HIGH SCHOOL","100124000242","BRANDYWINE SCHOOL DISTRICT","1001240","NEW CASTLE COUNTY","10003","10","1400 FOULK RD","WILMINGTON","DE ","19803","2794","1400 FOULK ROAD","WILMINGTON","DE ","19803","2794","3024791600","1-Regular school","39.800400","-75.521200","190","31","1000","9th Grade","12th Grade","905"
"BRANDYWINE SPRINGS SCHOOL","Delaware","BRANDYWINE SPRINGS SCHOOL","100130000104","RED CLAY CONSOLIDATED SCHOOL DISTRICT","1001300","NEW CASTLE COUNTY","10003","10","2916 DUNCAN RD","WILMINGTON","DE ","19808","","2916 DUNCAN ROAD","WILMINGTON","DE ","19808","","3026365681","1-Regular school","39.744700","-75.656800","261","32","1000","Kindergarten","8th Grade","1117"
"BRENNEN SCHOOL (THE)","Delaware","BRENNEN SCHOOL (THE)","100020000305","CHRISTINA SCHOOL DISTRICT","1000200","NEW CASTLE COUNTY","10003","10","144 BRENNEN DR","NEWARK","DE ","19713","3998","144 BRENNEN DRIVE","NEWARK","DE ","19713","3998","3024542202","2-Special education school","39.673700","-75.710100","538","33","1000","Prekindergarten","12th Grade","395"
"BRICK MILL ELEMENTARY SCHOOL","Delaware","BRICK MILL ELEMENTARY SCHOOL","100008000142","APPOQUINIMINK SCHOOL DISTRICT","1000080","NEW CASTLE COUNTY","10003","10","378 BRICK MILL RD","MIDDLETOWN","DE ","19709","","378 BRICK MILL ROAD","MIDDLETOWN","DE ","19709","","3023785288","1-Regular school","39.458900","-75.686500","21","29","1000","1st Grade","5th Grade","506"
"BROOKSIDE ELEMENTARY SCHOOL","Delaware","BROOKSIDE ELEMENTARY SCHOOL","100020000231","CHRISTINA SCHOOL DISTRICT","1000200","NEW CASTLE COUNTY","10003","10","800 MARROWS RD","NEWARK","DE ","19713","1511","800 MARROWS ROAD","NEWARK","DE ","19713","1511","3024545454","1-Regular school","39.668700","-75.726400","310","33","1000","Prekindergarten","5th Grade","327"
"BROWN (W. REILY) ELEMENTARY SCHOOL","Delaware","BROWN (W. REILY) ELEMENTARY SCHOOL","100018000048","CAESAR RODNEY SCHOOL DISTRICT","1000180","KENT COUNTY","10001","10","360 WEBBS LN","DOVER","DE ","19904","5438","360 WEBBS LANE","DOVER","DE ","19904","5438","3026972101","1-Regular school","39.131500","-75.538900","622","10","1000","1st Grade","5th Grade","421"
"BUNKER HILL ELEMENTARY SCHOOL","Delaware","BUNKER HILL ELEMENTARY SCHOOL","100008000339","APPOQUINIMINK SCHOOL DISTRICT","1000080","NEW CASTLE COUNTY","10003","10","1070 BUNKER HILL RD","MIDDLETOWN","DE ","19709","","1070 BUNKER HILL ROAD","MIDDLETOWN","DE ","19709","","3023785135","1-Regular school","39.454900","-75.744000","28","29","1000","1st Grade","5th Grade","625"
"BUSH (CHARLES W.) SCHOOL","Delaware","BUSH (CHARLES W.) SCHOOL","100124000277","BRANDYWINE SCHOOL DISTRICT","1001240","NEW CASTLE COUNTY","10003","10","2523 BERWYN RD","WILMINGTON","DE ","19810","2299","2523 BERWYN ROAD","WILMINGTON","DE ","19810","2299","3024791617","2-Special education school","39.820600","-75.526900","510","31","1000","Prekindergarten","Kindergarten","154"
"CAESAR RODNEY HIGH SCHOOL","Delaware","CAESAR RODNEY HIGH SCHOOL","100018000040","CAESAR RODNEY SCHOOL DISTRICT","1000180","KENT COUNTY","10001","10","239 OLD NORTH RD","CAMDEN","DE ","19934","1248","239 OLD NORTH ROAD","CAMDEN","DE ","19934","1248","3026972161","1-Regular school","39.118600","-75.541100","626","10","1000","9th Grade","12th Grade","2037"
"CALLOWAY (CAB) SCHOOL OF THE ARTS","Delaware","CALLOWAY (CAB) SCHOOL OF THE ARTS","100130000004","RED CLAY CONSOLIDATED SCHOOL DISTRICT","1001300","NEW CASTLE COUNTY","10003","10","100 NORTH DUPONT RD","WILMINGTON","DE ","19807","3199","100 NORTH DUPONT ROAD","WILMINGTON","DE ","19807","3199","3026512700","4-Alternative/other school","39.753700","-75.587500","286","32","1000","6th Grade","12th Grade","919"
"CAMPUS COMMUNITY SCHOOL","Delaware","CAMPUS COMMUNITY SCHOOL","100000700070","CAMPUS COMMUNITY CHARTER SCHOOL","1000007","KENT COUNTY","10001","10","350 PEAR ST","DOVER","DE ","19904","","350 PEAR STREET","DOVER","DE ","19904","","3027360403","1-Regular school","39.164600","-75.536100","573","74","1000","Kindergarten","8th Grade","411"
"CAPE HENLOPEN HIGH SCHOOL","Delaware","CAPE HENLOPEN HIGH SCHOOL","100017000029","CAPE HENLOPEN SCHOOL DISTRICT","1000170","SUSSEX COUNTY","10005","10","1250 KINGS HWY","LEWES","DE ","19958","1798","1250 KINGS HIGHWAY","LEWES","DE ","19958","1798","3026457711","1-Regular school","38.757800","-75.149400","726","17","1000","8th Grade","12th Grade","1283"
"CARRCROFT ELEMENTARY SCHOOL","Delaware","CARRCROFT ELEMENTARY SCHOOL","100124000291","BRANDYWINE SCHOOL DISTRICT","1001240","NEW CASTLE COUNTY","10003","10","503 CREST RD","WILMINGTON","DE ","19803","4321","503 CREST ROAD","WILMINGTON","DE ","19803","4321","3027627165","1-Regular school","39.788700","-75.501300","112","31","1000","Kindergarten","5th Grade","501"
"CARVER (G.W.) EDUCATIONAL CENTER","Delaware","CARVER (G.W.) EDUCATIONAL CENTER","100068000065","INDIAN RIVER SCHOOL DISTRICT","1000680","SUSSEX COUNTY","10005","10","30207 FRANKFORD SCHOOL RD","FRANKFORD","DE ","19945","","30207 FRANKFORD SCHOOL ROAD","FRANKFORD","DE ","19945","","3027323800","4-Alternative/other school","38.520200","-75.223300","689","36","1000","2nd Grade","12th Grade","50"
"CASTLE HILLS ELEMENTARY SCHOOL","Delaware","CASTLE HILLS ELEMENTARY SCHOOL","100023000204","COLONIAL SCHOOL DISTRICT","1000230","NEW CASTLE COUNTY","10003","10","502 MOORES LN","NEW CASTLE","DE ","19720","3499","502 MOORES LANE","NEW CASTLE","DE ","19720","3499","3023232915","1-Regular school","39.680800","-75.567900","412","34","1000","Prekindergarten","5th Grade","659"
"CEDAR LANE EARLY CHILDHOOD CENTER","Delaware","CEDAR LANE EARLY CHILDHOOD CENTER","100008000178","APPOQUINIMINK SCHOOL DISTRICT","1000080","NEW CASTLE COUNTY","10003","10","1221 CEDAR LN RD","MIDDLETOWN","DE ","19709","","1221 CEDAR LANE ROAD","MIDDLETOWN","DE ","19709","","3024495873","1-Regular school","39.503200","-75.687400","22","29","1000","Prekindergarten","Kindergarten","247"
"CEDAR LANE ELEMENTARY SCHOOL","Delaware","CEDAR LANE ELEMENTARY SCHOOL","100008000332","APPOQUINIMINK SCHOOL DISTRICT","1000080","NEW CASTLE COUNTY","10003","10","1259 CEDAR LN RD","MIDDLETOWN","DE ","19709","9636","1259 CEDAR LANE ROAD","MIDDLETOWN","DE ","19709","9636","3023785045","1-Regular school","39.501500","-75.687500","11","29","1000","1st Grade","5th Grade","627"
"CENTRAL MIDDLE SCHOOL","Delaware","CENTRAL MIDDLE SCHOOL","100019000049","CAPITAL SCHOOL DISTRICT","1000190","KENT COUNTY","10001","10","211 DELAWARE AVE","DOVER","DE ","19901","3895","211 DELAWARE AVENUE","DOVER","DE ","19901","3895","3026721772","1-Regular school","39.164600","-75.523000","644","13","1000","7th Grade","8th Grade","919"
"CENTRAL SCHOOL (THE)","Delaware","CENTRAL SCHOOL (THE)","100130000324","RED CLAY CONSOLIDATED SCHOOL DISTRICT","1001300","NEW CASTLE COUNTY","10003","10","1621 TELEGRAPH RD","WILMINGTON","DE ","19804","4198","1621 TELEGRAPH ROAD","WILMINGTON","DE ","19804","4198","3029925550","4-Alternative/other school","39.712100","-75.652200","527","32","1000","6th Grade","12th Grade","159"
"CHARLTON (JOHN S.) SCHOOL","Delaware","CHARLTON (JOHN S.) SCHOOL","100018000043","CAESAR RODNEY SCHOOL DISTRICT","1000180","KENT COUNTY","10001","10","278 SORGHUM MILL RD","CAMDEN-WYOMING","DE ","19901","","278 SORGHUM MILL ROAD","CAMDEN-WYOMING","DE ","19901","","3026973103","2-Special education school","39.102100","-75.510600","630","10","1000","Prekindergarten","12th Grade","226"
"CHARTER SCHOOL OF WILMINGTON","Delaware","CHARTER SCHOOL OF WILMINGTON","100000400012","CHARTER SCHOOL OF WILMINGTON","1000004","NEW CASTLE COUNTY","10003","10","100 NORTH DUPONT RD","WILMINGTON","DE ","19807","3199","100 NORTH DUPONT ROAD","WILMINGTON","DE ","19807","3199","3026512727","1-Regular school","39.753600","-75.587200","295","70","1000","9th Grade","12th Grade","970"
"CHIPMAN (W.T.) MIDDLE SCHOOL","Delaware","CHIPMAN (W.T.) MIDDLE SCHOOL","100079000098","LAKE FOREST SCHOOL DISTRICT","1000790","KENT COUNTY","10001","10","101 WEST CENTER ST","HARRINGTON","DE ","19952","1098","101 WEST CENTER STREET","HARRINGTON","DE ","19952","1098","3023988197","1-Regular school","38.928800","-75.582400","664","15","1000","6th Grade","8th Grade","977"
"CHRISTIANA HIGH SCHOOL","Delaware","CHRISTIANA HIGH SCHOOL","100020000240","CHRISTINA SCHOOL DISTRICT","1000200","NEW CASTLE COUNTY","10003","10","190 SALEM CHURCH RD","NEWARK","DE ","19713","2998","190 SALEM CHURCH ROAD","NEWARK","DE ","19713","2998","3026312400","1-Regular school","39.665300","-75.695300","390","33","1000","9th Grade","12th Grade","839"
"CHRISTINA EARLY EDUCATION CENTER","Delaware","CHRISTINA EARLY EDUCATION CENTER","100020000349","CHRISTINA SCHOOL DISTRICT","1000200","NEW CASTLE COUNTY","10003","10","620 EAST CHESTNUT HILL RD","NEWARK","DE ","19713","1814","620 EAST CHESTNUT HILL RD","NEWARK","DE ","19713","1814","3024542720","2-Special education school","39.672500","-75.708900","545","33","1000","Prekindergarten","Prekindergarten","261"
"CLAYMONT ELEMENTARY SCHOOL","Delaware","CLAYMONT ELEMENTARY SCHOOL","100124000062","BRANDYWINE SCHOOL DISTRICT","1001240","NEW CASTLE COUNTY","10003","10","3401 GREEN ST","CLAYMONT","DE ","19703","","3401 GREEN STREET","CLAYMONT","DE ","19703","","3027923880","1-Regular school","39.803800","-75.464400","151","31","1000","Kindergarten","5th Grade","817"
"CLAYTON (JOHN M.) ELEMENTARY SCHOOL","Delaware","CLAYTON (JOHN M.) ELEMENTARY SCHOOL","100068000082","INDIAN RIVER SCHOOL DISTRICT","1000680","SUSSEX COUNTY","10005","10","252 CLAYTON AVE","FRANKFORD","DE ","19945","9518","252 CLAYTON AVE","FRANKFORD","DE ","19945","9518","3027323808","1-Regular school","38.536100","-75.236900","732","36","1000","Prekindergarten","5th Grade","558"
"CLAYTON ELEMENTARY SCHOOL","Delaware","CLAYTON ELEMENTARY SCHOOL","100162000302","SMYRNA SCHOOL DISTRICT","1001620","KENT COUNTY","10001","10","510 WEST MAIN ST","CLAYTON","DE ","19938","3400","510 WEST MAIN STREET","CLAYTON","DE ","19938","3400","3026538587","1-Regular school","39.288100","-75.636200","680","24","1000","Kindergarten","4th Grade","490"
"CLAYTON INTERMEDIATE SCHOOL","Delaware","CLAYTON INTERMEDIATE SCHOOL","100162000352","SMYRNA SCHOOL DISTRICT","1001620","KENT COUNTY","10001","10","86 SORRENTO DR","CLAYTON","DE ","19938","","86 SORRENTO DRIVE","CLAYTON","DE ","19938","","3026534512","1-Regular school","39.271800","-75.644700","696","24","1000","5th Grade","6th Grade","448"
"CONCORD HIGH SCHOOL","Delaware","CONCORD HIGH SCHOOL","100124000247","BRANDYWINE SCHOOL DISTRICT","1001240","NEW CASTLE COUNTY","10003","10","2501 EBRIGHT RD","WILMINGTON","DE ","19810","1198","2501 EBRIGHT ROAD","WILMINGTON","DE ","19810","1198","3024753951","1-Regular school","39.830400","-75.524800","194","31","1000","9th Grade","12th Grade","1099"
"CONRAD SCHOOLS OF SCIENCE","Delaware","CONRAD SCHOOLS OF SCIENCE","100130000270","RED CLAY CONSOLIDATED SCHOOL DISTRICT","1001300","NEW CASTLE COUNTY","10003","10","201 JACKSON AVE","WILMINGTON","DE ","19804","2199","201 JACKSON AVENUE","WILMINGTON","DE ","19804","2199","3029925545","1-Regular school","39.722700","-75.601300","284","32","1000","6th Grade","12th Grade","1153"
"DELAWARE ACADEMY OF PUBLIC SAFETY AND SECURITY","Delaware","DELAWARE ACADEMY OF PUBLIC SAFETY AND SECURITY","100004900341","DELAWARE ACADEMY OF PUBLIC SAFETY AND SECURITY","1000049","NEW CASTLE COUNTY","10003","10","801 NORTH DUPONT HWY","NEW CASTLE","DE ","19720","","801 N. DUPONT HIGHWAY","NEW CASTLE","DE ","19720","","3023226050","1-Regular school","39.686700","-75.586200","567","68","1000","9th Grade","12th Grade","330"
"DELAWARE COLLEGE PREPARATORY ACADEMY","Delaware","DELAWARE COLLEGE PREPARATORY ACADEMY","100004700336","DELAWARE COLLEGE PREPARATORY ACADEMY","1000047","NEW CASTLE COUNTY","10003","10","510 WEST 28TH ST","WILMINGTON","DE ","19802","","510 WEST 28TH STREET","WILMINGTON","DE ","19802","","3027627424","1-Regular school","39.759900","-75.537500","565","66","1000","Kindergarten","4th Grade","204"
"DELAWARE DESIGN-LAB HIGH SCHOOL","Delaware","DELAWARE DESIGN-LAB HIGH SCHOOL","100005600369","DELAWARE DESIGN-LAB HIGH SCHOOL","1000056","KENT COUNTY","10001","10","401 FEDERAL ST","DOVER","DE ","19901","","401 FEDERAL STREET- SUITE 2","DOVER","DE ","19901","","3027354000","1-Regular school","39.158000","-75.521900","4065","9609","1000","†","†","†"
"DELAWARE MILITARY ACADEMY","Delaware","DELAWARE MILITARY ACADEMY","100001600143","DELAWARE MILITARY ACADEMY","1000016","NEW CASTLE COUNTY","10003","10","112 MIDDLEBORO RD","WILMINGTON","DE ","19804","","112 MIDDLEBORO ROAD","WILMINGTON","DE ","19804","","3029980745","1-Regular school","39.721600","-75.585100","578","79","1000","9th Grade","12th Grade","568"
"DELAWARE SCHOOL FOR THE DEAF SECONDARY","Delaware","DELAWARE SCHOOL FOR THE DEAF SECONDARY","100020000210","CHRISTINA SCHOOL DISTRICT","1000200","NEW CASTLE COUNTY","10003","10","630 EAST CHESTNUT HILL RD","NEWARK","DE ","19713","1814","630 EAST CHESTNUT HILL ROAD","NEWARK","DE ","19713","1814","3024542301","2-Special education school","39.672500","-75.709000","540","33","1000","Prekindergarten","12th Grade","115"
"DELCASTLE TECHNICAL HIGH SCHOOL","Delaware","DELCASTLE TECHNICAL HIGH SCHOOL","100128000154","NEW CASTLE COUNTY VOCATIONAL-TECHNICAL SCHOOL DISTRICT","1001280","NEW CASTLE COUNTY","10003","10","1417 NEWPORT RD","WILMINGTON","DE ","19804","3499","1417 NEWPORT ROAD","WILMINGTON","DE ","19804","3499","3029958100","3-Vocational school","39.726000","-75.626600","80","38","1000","8th Grade","12th Grade","1519"
"DELMAR HIGH SCHOOL","Delaware","DELMAR HIGH SCHOOL","100027000080","DELMAR SCHOOL DISTRICT","1000270","SUSSEX COUNTY","10005","10","200 NORTH EIGHTH ST","DELMAR","DE ","19940","1399","200 NORTH EIGHTH STREET","DELMAR","DE ","19940","1399","3028469544","1-Regular school","38.459000","-75.566700","730","37","1000","9th Grade","12th Grade","624"
"DELMAR MIDDLE SCHOOL","Delaware","DELMAR MIDDLE SCHOOL","100027000078","DELMAR SCHOOL DISTRICT","1000270","SUSSEX COUNTY","10005","10","200 NORTH EIGHTH ST","DELMAR","DE ","19940","1399","200 NORTH EIGHTH STREET","DELMAR","DE ","19940","1399","3028469544","1-Regular school","38.459000","-75.566700","733","37","1000","5th Grade","8th Grade","705"
"DICKINSON (JOHN) HIGH SCHOOL","Delaware","DICKINSON (JOHN) HIGH SCHOOL","100130000275","RED CLAY CONSOLIDATED SCHOOL DISTRICT","1001300","NEW CASTLE COUNTY","10003","10","1801 MILLTOWN RD","WILMINGTON","DE ","19808","4099","1801 MILLTOWN ROAD","WILMINGTON","DE ","19808","4099","3029925500","1-Regular school","39.728400","-75.673700","290","32","1000","9th Grade","12th Grade","765"
"DOUGLASS SCHOOL","Delaware","DOUGLASS SCHOOL","100020000010","CHRISTINA SCHOOL DISTRICT","1000200","NEW CASTLE COUNTY","10003","10","1800 PROSPECT RD","WILMINGTON","DE ","19805","4120","1800 PROSPECT ROAD","WILMINGTON","DE ","19805","4120","3024294146","1-Regular school","39.738300","-75.580500","537","33","1000","Kindergarten","12th Grade","48"
"DOVER AIR FORCE BASE MIDDLE SCHOOL","Delaware","DOVER AIR FORCE BASE MIDDLE SCHOOL","100018000041","CAESAR RODNEY SCHOOL DISTRICT","1000180","KENT COUNTY","10001","10","3100 HAWTHORNE DR","DOVER","DE ","19901","5391","3100 HAWTHORNE DRIVE","DOVER","DE ","19901","5391","3026743284","1-Regular school","39.117900","-75.487900","628","10","1000","6th Grade","8th Grade","201"
"DOVER HIGH SCHOOL","Delaware","DOVER HIGH SCHOOL","100019000050","CAPITAL SCHOOL DISTRICT","1000190","KENT COUNTY","10001","10","ONE PAT LYNN DR","DOVER","DE ","19904","2899","ONE PAT LYNN DRIVE","DOVER","DE ","19904","2899","3026721525","1-Regular school","39.176300","-75.539700","648","13","1000","9th Grade","12th Grade","1696"
"DOWNES (JOHN R.) ELEMENTARY SCHOOL","Delaware","DOWNES (JOHN R.) ELEMENTARY SCHOOL","100020000228","CHRISTINA SCHOOL DISTRICT","1000200","NEW CASTLE COUNTY","10003","10","220 CASHO MILL RD","NEWARK","DE ","19711","2699","220 CASHO MILL ROAD","NEWARK","DE ","19711","2699","3024542133","1-Regular school","39.683300","-75.777000","318","33","1000","Prekindergarten","5th Grade","450"
"DOWNIE (CARRIE) ELEMENTARY SCHOOL","Delaware","DOWNIE (CARRIE) ELEMENTARY SCHOOL","100023000205","COLONIAL SCHOOL DISTRICT","1000230","NEW CASTLE COUNTY","10003","10","1201 DELAWARE ST","NEW CASTLE","DE ","19720","6098","1201 DELAWARE STREET","NEW CASTLE","DE ","19720","6098","3023232926","1-Regular school","39.665300","-75.576400","410","34","1000","Kindergarten","5th Grade","397"
"DUNBAR (PAUL LAURENCE) ELEMENTARY SCHOOL","Delaware","DUNBAR (PAUL LAURENCE) ELEMENTARY SCHOOL","100081000310","LAUREL SCHOOL DISTRICT","1000810","SUSSEX COUNTY","10005","10","499 WEST SIXTH ST","LAUREL","DE ","19956","1363","499 WEST SIXTH STREET","LAUREL","DE ","19956","1363","3028756140","1-Regular school","38.556400","-75.581600","753","16","1000","Prekindergarten","1st Grade","452"
"DUPONT (ALEXIS I.) HIGH SCHOOL","Delaware","DUPONT (ALEXIS I.) HIGH SCHOOL","100130000276","RED CLAY CONSOLIDATED SCHOOL DISTRICT","1001300","NEW CASTLE COUNTY","10003","10","50 HILLSIDE RD","WILMINGTON","DE ","19807","2297","50 HILLSIDE ROAD","WILMINGTON","DE ","19807","2297","3026512626","1-Regular school","39.777800","-75.600900","292","32","1000","9th Grade","12th Grade","1110"
"DUPONT (ALEXIS I.) MIDDLE SCHOOL","Delaware","DUPONT (ALEXIS I.) MIDDLE SCHOOL","100130000272","RED CLAY CONSOLIDATED SCHOOL DISTRICT","1001300","NEW CASTLE COUNTY","10003","10","3130 KENNETT PK","GREENVILLE","DE ","19807","3099","3130 KENNETT PIKE","GREENVILLE","DE ","19807","3099","3026512690","1-Regular school","39.767700","-75.583400","274","32","1000","6th Grade","8th Grade","486"
"DUPONT (H.B.) MIDDLE SCHOOL","Delaware","DUPONT (H.B.) MIDDLE SCHOOL","100130000269","RED CLAY CONSOLIDATED SCHOOL DISTRICT","1001300","NEW CASTLE COUNTY","10003","10","735 MEETING HOUSE RD","HOCKESSIN","DE ","19707","9245","735 MEETING HOUSE ROAD","HOCKESSIN","DE ","19707","9245","3022393420","1-Regular school","39.800400","-75.691600","276","32","1000","6th Grade","8th Grade","828"
"DUPONT (PIERRE S.) MIDDLE SCHOOL","Delaware","DUPONT (PIERRE S.) MIDDLE SCHOOL","100124000243","BRANDYWINE SCHOOL DISTRICT","1001240","NEW CASTLE COUNTY","10003","10","701 WEST 34TH ST","WILMINGTON","DE ","19802","2699","701 WEST 34TH STREET","WILMINGTON","DE ","19802","2699","3027627146","1-Regular school","39.764200","-75.532400","170","31","1000","6th Grade","8th Grade","952"
"EARLY COLLEGE HIGH SCHOOL AT DELAWARE STATE UNIVER","Delaware","EARLY COLLEGE HIGH SCHOOL AT DELAWARE STATE UNIVER","100005500363","EARLY COLLEGE HIGH SCHOOL AT DELAWARE STATE UNIVERSITY","1000055","KENT COUNTY","10001","10","1200 NORTH DUPONT HWY","DOVER","DE ","19901","","1200 N. DUPONT HIGHWAY","DOVER","DE ","19901","","3025357526","1-Regular school","39.185700","-75.542600","4040","9604","1000","†","†","†"
"EAST DOVER ELEMENTARY SCHOOL","Delaware","EAST DOVER ELEMENTARY SCHOOL","100019000051","CAPITAL SCHOOL DISTRICT","1000190","KENT COUNTY","10001","10","852 SOUTH LITTLE CREEK RD","DOVER","DE ","19901","4797","852 SOUTH LITTLE CREEK ROAD","DOVER","DE ","19901","4797","3026721655","1-Regular school","39.155900","-75.505300","632","13","1000","Prekindergarten","4th Grade","337"
"EAST MILLSBORO ELEMENTARY SCHOOL","Delaware","EAST MILLSBORO ELEMENTARY SCHOOL","100068000081","INDIAN RIVER SCHOOL DISTRICT","1000680","SUSSEX COUNTY","10005","10","29346 IRON BRANCH RD","MILLSBORO","DE ","19966","1199","29346 IRON BRANCH ROAD","MILLSBORO","DE ","19966","1199","3029343222","1-Regular school","38.589900","-75.287700","738","36","1000","Prekindergarten","5th Grade","705"
"EAST SIDE CHARTER SCHOOL","Delaware","EAST SIDE CHARTER SCHOOL","100000600017","EAST SIDE CHARTER SCHOOL","1000006","NEW CASTLE COUNTY","10003","10","3000 NORTH CLAYMONT ST","WILMINGTON","DE ","19802","","3000 NORTH CLAYMONT STREET","WILMINGTON","DE ","19802","","3027625834","1-Regular school","39.748600","-75.529500","571","72","1000","Kindergarten","8th Grade","403"
"EDISON (THOMAS A.) CHARTER SCHOOL","Delaware","EDISON (THOMAS A.) CHARTER SCHOOL","100001000079","EDISON (THOMAS A.) CHARTER SCHOOL","1000010","NEW CASTLE COUNTY","10003","10","2200 NORTH LOCUST ST","WILMINGTON","DE ","19802","","2200 NORTH LOCUST STREET","WILMINGTON","DE ","19802","","3027781101","1-Regular school","39.748400","-75.532800","575","76","1000","Kindergarten","8th Grade","748"
"EISENBERG (HARRY O.) ELEMENTARY SCHOOL","Delaware","EISENBERG (HARRY O.) ELEMENTARY SCHOOL","100023000200","COLONIAL SCHOOL DISTRICT","1000230","NEW CASTLE COUNTY","10003","10","27 LANDERS LN","NEW CASTLE","DE ","19720","2093","27 LANDERS LANE","NEW CASTLE","DE ","19720","2093","3024294074","1-Regular school","39.689800","-75.558800","456","34","1000","Kindergarten","5th Grade","565"
"ELBERT-PALMER ELEMENTARY SCHOOL","Delaware","ELBERT-PALMER ELEMENTARY SCHOOL","100020000325","CHRISTINA SCHOOL DISTRICT","1000200","NEW CASTLE COUNTY","10003","10","1210 LOBDELL ST","WILMINGTON","DE ","19801","5404","1210 LOBDELL STREET","WILMINGTON","DE ","19801","5404","3024294188","1-Regular school","39.730600","-75.541600","356","33","1000","Prekindergarten","5th Grade","246"
"ENNIS (HOWARD T.) SCHOOL","Delaware","ENNIS (HOWARD T.) SCHOOL","100068000084","INDIAN RIVER SCHOOL DISTRICT","1000680","SUSSEX COUNTY","10005","10","20346 ENNIS RD","GEORGETOWN","DE ","19947","9666","20346 ENNIS ROAD","GEORGETOWN","DE ","19947","9666","3028561930","2-Special education school","38.692600","-75.409200","750","36","1000","Prekindergarten","12th Grade","115"
"FAIRVIEW ELEMENTARY SCHOOL","Delaware","FAIRVIEW ELEMENTARY SCHOOL","100019000052","CAPITAL SCHOOL DISTRICT","1000190","KENT COUNTY","10001","10","700 WALKER RD","DOVER","DE ","19904","2792","700 WALKER ROAD","DOVER","DE ","19904","2792","3026721645","1-Regular school","39.170200","-75.539400","638","13","1000","Prekindergarten","4th Grade","355"
"FAMILY FOUNDATIONS ACADEMY","Delaware","FAMILY FOUNDATIONS ACADEMY","100002400256","FAMILY FOUNDATIONS ACADEMY","1000024","NEW CASTLE COUNTY","10003","10","1101 DELAWARE ST","NEW CASTLE","DE ","19720","","1101 DELAWARE STREET","NEW CASTLE","DE ","19720","","3023248901","1-Regular school","39.664700","-75.574600","579","80","1000","Kindergarten","8th Grade","825"
"FIFER (FRED) MIDDLE SCHOOL","Delaware","FIFER (FRED) MIDDLE SCHOOL","100018000072","CAESAR RODNEY SCHOOL DISTRICT","1000180","KENT COUNTY","10001","10","109 EAST CAMDENWYOMING AVE","CAMDEN","DE ","19934","1250","109 EAST CAMDEN-WYOMING AVENUE","CAMDEN","DE ","19934","1250","3026988400","1-Regular school","39.116100","-75.550100","625","10","1000","6th Grade","8th Grade","840"
"FIFER MIDDLE SCHOOL ILC","Delaware","FIFER MIDDLE SCHOOL ILC","100018000284","CAESAR RODNEY SCHOOL DISTRICT","1000180","KENT COUNTY","10001","10","109 EAST CAMDENWYOMING AVE","CAMDEN","DE ","19934","1250","109 EAST CAMDEN-WYOMING AVENUE","CAMDEN","DE ","19934","1250","3026988400","2-Special education school","39.116200","-75.550100","619","10","1000","†","†","†"
"FIRST STATE MILITARY ACADEMY","Delaware","FIRST STATE MILITARY ACADEMY","100005700368","FIRST STATE MILITARY ACADEMY","1000057","KENT COUNTY","10001","10","401 FEDERAL ST","DOVER","DE ","19901","","401 FEDERAL STREET- SUITE 2","DOVER","DE ","19901","","3027354000","1-Regular school","39.158000","-75.521900","4055","9607","1000","†","†","†"
"FIRST STATE MONTESSORI ACADEMY","Delaware","FIRST STATE MONTESSORI ACADEMY","100005400362","FIRST STATE MONTESSORI ACADEMY","1000054","KENT COUNTY","10001","10","401 FEDERAL ST","DOVER","DE ","19901","","401 FEDERAL STREET- SUITE 2","DOVER","DE ","19901","","3027354000","1-Regular school","39.158000","-75.521900","4050","9606","1000","†","†","†"
"FIRST STATE SCHOOL","Delaware","FIRST STATE SCHOOL","100130000116","RED CLAY CONSOLIDATED SCHOOL DISTRICT","1001300","NEW CASTLE COUNTY","10003","10","501 WEST 14TH ST","WILMINGTON","DE ","19899","","501 WEST 14TH STREET","WILMINGTON","DE ","19899","","3024285845","4-Alternative/other school","39.751500","-75.549800","530","32","1000","Kindergarten","12th Grade","21"
"FOREST OAK ELEMENTARY SCHOOL","Delaware","FOREST OAK ELEMENTARY SCHOOL","100130000265","RED CLAY CONSOLIDATED SCHOOL DISTRICT","1001300","NEW CASTLE COUNTY","10003","10","55 SOUTH MEADOWOOD DR","NEWARK","DE ","19711","6756","55 SOUTH MEADOWOOD DRIVE","NEWARK","DE ","19711","6756","3024543420","1-Regular school","39.705100","-75.683200","240","32","1000","Kindergarten","5th Grade","532"
"FORWOOD ELEMENTARY SCHOOL","Delaware","FORWOOD ELEMENTARY SCHOOL","100124000288","BRANDYWINE SCHOOL DISTRICT","1001240","NEW CASTLE COUNTY","10003","10","1900 WESTMINSTER DR","WILMINGTON","DE ","19810","3998","1900 WESTMINSTER DRIVE","WILMINGTON","DE ","19810","3998","3024753956","1-Regular school","39.806000","-75.503900","124","31","1000","Kindergarten","5th Grade","450"
"FREAR (ALLEN) ELEMENTARY SCHOOL","Delaware","FREAR (ALLEN) ELEMENTARY SCHOOL","100018000038","CAESAR RODNEY SCHOOL DISTRICT","1000180","KENT COUNTY","10001","10","238 SORGHUM MILL RD","CAMDEN","DE ","19934","9627","238 SORGHUM MILL ROAD","CAMDEN","DE ","19934","9627","3026973279","1-Regular school","39.102400","-75.512700","610","10","1000","1st Grade","5th Grade","658"
"FREDERICK DOUGLASS ELEMENTARY SCHOOL","Delaware","FREDERICK DOUGLASS ELEMENTARY SCHOOL","100153000157","SEAFORD SCHOOL DISTRICT","1001530","SUSSEX COUNTY","10005","10","1 SWAIN RD","SEAFORD","DE ","19973","2827","1 SWAIN ROAD","SEAFORD","DE ","19973","2827","3026284413","1-Regular school","38.675400","-75.593000","762","23","1000","Prekindergarten","5th Grade","470"
"GALLAHER (ROBERT S.) ELEMENTARY SCHOOL","Delaware","GALLAHER (ROBERT S.) ELEMENTARY SCHOOL","100020000312","CHRISTINA SCHOOL DISTRICT","1000200","NEW CASTLE COUNTY","10003","10","800 NORTH BROWNLEAF RD","NEWARK","DE ","19713","3300","800 NORTH BROWNLEAF ROAD","NEWARK","DE ","19713","3300","3024542464","1-Regular school","39.681600","-75.678500","320","33","1000","Kindergarten","5th Grade","528"
"GATEWAY LAB SCHOOL","Delaware","GATEWAY LAB SCHOOL","100005200346","GATEWAY LAB SCHOOL","1000052","NEW CASTLE COUNTY","10003","10","2501 CENTERVILLE RD","WILMINGTON","DE ","19808","","2501 CENTERVILLE ROAD","WILMINGTON","DE ","19808","","3026334091","1-Regular school","39.749800","-75.625600","543","92","1000","3rd Grade","8th Grade","208"
"GAUGER-COBBS MIDDLE SCHOOL","Delaware","GAUGER-COBBS MIDDLE SCHOOL","100020000236","CHRISTINA SCHOOL DISTRICT","1000200","NEW CASTLE COUNTY","10003","10","50 GENDER RD","NEWARK","DE ","19713","2797","50 GENDER ROAD","NEWARK","DE ","19713","2797","3024542358","1-Regular school","39.658600","-75.717800","372","33","1000","6th Grade","8th Grade","1137"
"GEORGETOWN ELEMENTARY SCHOOL","Delaware","GEORGETOWN ELEMENTARY SCHOOL","100068000083","INDIAN RIVER SCHOOL DISTRICT","1000680","SUSSEX COUNTY","10005","10","301A WEST MARKET ST","GEORGETOWN","DE ","19947","2398","301-A WEST MARKET STREET","GEORGETOWN","DE ","19947","2398","3028561940","1-Regular school","38.684800","-75.390600","734","36","1000","Prekindergarten","5th Grade","780"
"GEORGETOWN MIDDLE SCHOOL","Delaware","GEORGETOWN MIDDLE SCHOOL","100068000245","INDIAN RIVER SCHOOL DISTRICT","1000680","SUSSEX COUNTY","10005","10","301 WEST MARKET ST","GEORGETOWN","DE ","19947","2399","301 WEST MARKET STREET","GEORGETOWN","DE ","19947","2399","3028561900","1-Regular school","38.685200","-75.390900","743","36","1000","6th Grade","8th Grade","573"
"GLASGOW HIGH SCHOOL","Delaware","GLASGOW HIGH SCHOOL","100020000239","CHRISTINA SCHOOL DISTRICT","1000200","NEW CASTLE COUNTY","10003","10","1901 SOUTH COLLEGE AVE","NEWARK","DE ","19702","2395","1901 SOUTH COLLEGE AVENUE","NEWARK","DE ","19702","2395","3026315600","1-Regular school","39.630400","-75.741700","392","33","1000","9th Grade","12th Grade","997"
"H. O. BRITTINGHAM ELEMENTARY SCHOOL","Delaware","H. O. BRITTINGHAM ELEMENTARY SCHOOL","100017000030","CAPE HENLOPEN SCHOOL DISTRICT","1000170","SUSSEX COUNTY","10005","10","400 MULBERRY ST","MILTON","DE ","19968","1628","400 MULBERRY STREET","MILTON","DE ","19968","1628","3026848522","1-Regular school","38.781200","-75.316500","710","17","1000","Prekindergarten","5th Grade","576"
"HANBY ELEMENTARY SCHOOL","Delaware","HANBY ELEMENTARY SCHOOL","100124000293","BRANDYWINE SCHOOL DISTRICT","1001240","NEW CASTLE COUNTY","10003","10","2523 BERWYN RD","WILMINGTON","DE ","19810","2354","2523 BERWYN ROAD","WILMINGTON","DE ","19810","2354","3024792220","1-Regular school","39.820800","-75.526600","110","31","1000","Kindergarten","5th Grade","566"
"HARLAN (DAVID W. ) ELEMENTARY SCHOOL","Delaware","HARLAN (DAVID W. ) ELEMENTARY SCHOOL","100124000285","BRANDYWINE SCHOOL DISTRICT","1001240","NEW CASTLE COUNTY","10003","10","3601 JEFFERSON ST","WILMINGTON","DE ","19802","2099","3601 JEFFERSON STREET","WILMINGTON","DE ","19802","2099","3027627156","1-Regular school","39.762900","-75.529900","156","31","1000","Kindergarten","5th Grade","387"
"HARTLY ELEMENTARY SCHOOL","Delaware","HARTLY ELEMENTARY SCHOOL","100019000053","CAPITAL SCHOOL DISTRICT","1000190","KENT COUNTY","10001","10","2617 ARTHURSVILLE RD","HARTLY","DE ","19953","0025","PO BOX 25","HARTLY","DE ","19953","0025","3024921870","1-Regular school","39.165200","-75.717000","640","13","1000","Prekindergarten","4th Grade","387"
"HERITAGE ELEMENTARY SCHOOL","Delaware","HERITAGE ELEMENTARY SCHOOL","100130000262","RED CLAY CONSOLIDATED SCHOOL DISTRICT","1001300","NEW CASTLE COUNTY","10003","10","2815 HIGHLANDS LN","WILMINGTON","DE ","19808","3634","2815 HIGHLANDS LANE","WILMINGTON","DE ","19808","3634","3024543424","1-Regular school","39.722800","-75.685100","242","32","1000","Kindergarten","5th Grade","625"
"HIGHLANDS ELEMENTARY SCHOOL","Delaware","HIGHLANDS ELEMENTARY SCHOOL","100130000261","RED CLAY CONSOLIDATED SCHOOL DISTRICT","1001300","NEW CASTLE COUNTY","10003","10","2100 GILPIN AVE","WILMINGTON","DE ","19806","2298","2100 GILPIN AVENUE","WILMINGTON","DE ","19806","2298","3026512715","1-Regular school","39.762000","-75.566100","244","32","1000","Kindergarten","5th Grade","383"
"HODGSON (PAUL M.) VOCATIONAL TECHNICAL HIGH SCHOOL","Delaware","HODGSON (PAUL M.) VOCATIONAL TECHNICAL HIGH SCHOOL","100128000296","NEW CASTLE COUNTY VOCATIONAL-TECHNICAL SCHOOL DISTRICT","1001280","NEW CASTLE COUNTY","10003","10","2575 GLASGOW AVE","NEWARK","DE ","19702","4756","2575 GLASGOW AVENUE","NEWARK","DE ","19702","4756","3028340990","3-Vocational school","39.600800","-75.740700","66","38","1000","8th Grade","12th Grade","1048"
"HOWARD HIGH SCHOOL OF TECHNOLOGY","Delaware","HOWARD HIGH SCHOOL OF TECHNOLOGY","100128000297","NEW CASTLE COUNTY VOCATIONAL-TECHNICAL SCHOOL DISTRICT","1001280","NEW CASTLE COUNTY","10003","10","401 EAST 12TH ST","WILMINGTON","DE ","19801","3400","401 EAST 12TH STREET","WILMINGTON","DE ","19801","3400","3025715400","3-Vocational school","39.746100","-75.541100","26","38","1000","8th Grade","12th Grade","899"
"INDIAN RIVER HIGH SCHOOL","Delaware","INDIAN RIVER HIGH SCHOOL","100068000085","INDIAN RIVER SCHOOL DISTRICT","1000680","SUSSEX COUNTY","10005","10","29772 ARMORY RD","DAGSBORO","DE ","19945","9522","29772 ARMORY ROAD","DAGSBORO","DE ","19945","9522","3027321500","1-Regular school","38.542400","-75.230300","746","36","1000","8th Grade","12th Grade","910"
"JONES (ALBERT H.) ELEMENTARY SCHOOL","Delaware","JONES (ALBERT H.) ELEMENTARY SCHOOL","100020000229","CHRISTINA SCHOOL DISTRICT","1000200","NEW CASTLE COUNTY","10003","10","35 WEST MAIN ST","NEWARK","DE ","19702","1599","35 WEST MAIN STREET","NEWARK","DE ","19702","1599","3024542131","1-Regular school","39.667500","-75.662900","314","33","1000","Kindergarten","5th Grade","427"
"KEENE (WILLIAM B.) ELEMENTARY SCHOOL","Delaware","KEENE (WILLIAM B.) ELEMENTARY SCHOOL","100020000117","CHRISTINA SCHOOL DISTRICT","1000200","NEW CASTLE COUNTY","10003","10","200 LAGRANGE AVE","NEWARK","DE ","19702","","200 LAGRANGE AVENUE","NEWARK","DE ","19702","","3024542018","1-Regular school","39.605900","-75.728400","321","33","1000","Kindergarten","5th Grade","716"
"KENT COUNTY ALTERNATIVE PROGRAMS","Delaware","KENT COUNTY ALTERNATIVE PROGRAMS","100019000328","CAPITAL SCHOOL DISTRICT","1000190","KENT COUNTY","10001","10","631 RIDGLEY ST","DOVER","DE ","19904","","631 RIDGLEY STREET- SUITE 5","DOVER","DE ","19904","","3027365355","2-Special education school","39.159100","-75.535400","655","13","1000","6th Grade","12th Grade","96"
"KENT COUNTY COMMUNITY SCHOOL","Delaware","KENT COUNTY COMMUNITY SCHOOL","100019000054","CAPITAL SCHOOL DISTRICT","1000190","KENT COUNTY","10001","10","CARVER RD","DOVER","DE ","19904","2716","CARVER ROAD","DOVER","DE ","19904","2716","3026721960","2-Special education school","39.160800","-75.542100","650","13","1000","Prekindergarten","12th Grade","196"
"KENT ELEMENTARY INTENSIVE LEARNING CENTER","Delaware","KENT ELEMENTARY INTENSIVE LEARNING CENTER","100018000018","CAESAR RODNEY SCHOOL DISTRICT","1000180","KENT COUNTY","10001","10","5 OLD NORTH RD","CAMDEN","DE ","19934","1247","5 OLD NORTH ROAD","CAMDEN","DE ","19934","1247","3026973504","2-Special education school","39.119800","-75.549900","615","10","1000","Kindergarten","5th Grade","45"
"KIRK (GEORGE V.) MIDDLE SCHOOL","Delaware","KIRK (GEORGE V.) MIDDLE SCHOOL","100020000235","CHRISTINA SCHOOL DISTRICT","1000200","NEW CASTLE COUNTY","10003","10","140 BRENNEN DR","NEWARK","DE ","19713","3999","140 BRENNEN DRIVE","NEWARK","DE ","19713","3999","3024542164","1-Regular school","39.672400","-75.710400","374","33","1000","6th Grade","8th Grade","795"
"KUUMBA ACADEMY CHARTER SCHOOL","Delaware","KUUMBA ACADEMY CHARTER SCHOOL","100001400106","KUUMBA ACADEMY CHARTER SCHOOL","1000014","NEW CASTLE COUNTY","10003","10","519 NORTH MARKET ST","WILMINGTON","DE ","19801","","519 NORTH MARKET STREET","WILMINGTON","DE ","19801","","3024726450","1-Regular school","39.741900","-75.550600","581","82","1000","Kindergarten","6th Grade","298"
"LAKE FOREST CENTRAL ELEMENTARY SCHOOL","Delaware","LAKE FOREST CENTRAL ELEMENTARY SCHOOL","100079000077","LAKE FOREST SCHOOL DISTRICT","1000790","KENT COUNTY","10001","10","5424 KILLENS POND RD","FELTON","DE ","19943","","5424 KILLENS POND ROAD","FELTON","DE ","19943","","3022845810","1-Regular school","38.990200","-75.552600","669","15","1000","4th Grade","5th Grade","598"
"LAKE FOREST EAST ELEMENTARY SCHOOL","Delaware","LAKE FOREST EAST ELEMENTARY SCHOOL","100079000094","LAKE FOREST SCHOOL DISTRICT","1000790","KENT COUNTY","10001","10","124 WEST FRONT ST","FREDERICA","DE ","19946","9703","124 WEST FRONT STREET","FREDERICA","DE ","19946","9703","3023355261","1-Regular school","39.007000","-75.473300","658","15","1000","Kindergarten","4th Grade","318"
"LAKE FOREST HIGH SCHOOL","Delaware","LAKE FOREST HIGH SCHOOL","100079000095","LAKE FOREST SCHOOL DISTRICT","1000790","KENT COUNTY","10001","10","5407 KILLENS POND RD","FELTON","DE ","19943","9259","5407 KILLENS POND ROAD","FELTON","DE ","19943","9259","3022849291","1-Regular school","38.987700","-75.551400","665","15","1000","8th Grade","12th Grade","890"
"LAKE FOREST ILC","Delaware","LAKE FOREST ILC","100079000215","LAKE FOREST SCHOOL DISTRICT","1000790","KENT COUNTY","10001","10","5423 KILLENS POND RD","FELTON","DE ","19943","0296","5423 KILLENS POND ROAD","FELTON","DE ","19943","0296","3022843020","2-Special education school","38.987400","-75.553400","659","15","1000","†","†","†"
"LAKE FOREST NORTH ELEMENTARY SCHOOL","Delaware","LAKE FOREST NORTH ELEMENTARY SCHOOL","100079000096","LAKE FOREST SCHOOL DISTRICT","1000790","KENT COUNTY","10001","10","319 EAST MAIN ST","FELTON","DE ","19943","0296","319 EAST MAIN STREET","FELTON","DE ","19943","0296","3022849611","1-Regular school","39.007700","-75.570000","660","15","1000","Prekindergarten","4th Grade","490"
"LAKE FOREST SOUTH ELEMENTARY SCHOOL","Delaware","LAKE FOREST SOUTH ELEMENTARY SCHOOL","100079000097","LAKE FOREST SCHOOL DISTRICT","1000790","KENT COUNTY","10001","10","301 DORMAN ST","HARRINGTON","DE ","19952","1099","301 DORMAN STREET","HARRINGTON","DE ","19952","1099","3023988011","1-Regular school","38.929100","-75.582400","662","15","1000","Kindergarten","4th Grade","444"
"LANCASHIRE ELEMENTARY SCHOOL","Delaware","LANCASHIRE ELEMENTARY SCHOOL","100124000283","BRANDYWINE SCHOOL DISTRICT","1001240","NEW CASTLE COUNTY","10003","10","2000 NAAMANS RD","WILMINGTON","DE ","19810","2697","2000 NAAMANS ROAD","WILMINGTON","DE ","19810","2697","3024753990","1-Regular school","39.822900","-75.493900","128","31","1000","Kindergarten","5th Grade","532"
"LAS AMERICAS ASPIRA ACADEMY","Delaware","LAS AMERICAS ASPIRA ACADEMY","100005000342","LAS AMERICAS ASPIRA ACADEMY","1000050","NEW CASTLE COUNTY","10003","10","326 RUTHAR DR","NEWARK","DE ","19711","2208","326 RUTHAR DRIVE","NEWARK","DE ","19711","2208","3022921463","1-Regular school","39.687700","-75.702300","568","69","1000","Kindergarten","7th Grade","439"
"LAUREL INTERMEDIATE MIDDLE SCHOOL","Delaware","LAUREL INTERMEDIATE MIDDLE SCHOOL","100081000365","LAUREL SCHOOL DISTRICT","1000810","SUSSEX COUNTY","10005","10","801 SOUTH CENTRAL AVE","LAUREL","DE ","19956","1498","801 SOUTH CENTRAL AVENUE","LAUREL","DE ","19956","1498","3028756110","1-Regular school","38.552400","-75.570200","782","16","1000","5th Grade","8th Grade","601"
"LAUREL NEW SCHOOL HOLD","Delaware","LAUREL NEW SCHOOL HOLD","100081000364","LAUREL SCHOOL DISTRICT","1000810","SUSSEX COUNTY","10005","10","801 SOUTH CENTRAL AVE","LAUREL","DE ","19956","1498","801 SOUTH CENTRAL AVENUE","LAUREL","DE ","19956","1498","3028756110","1-Regular school","38.552400","-75.570200","783","16","1000","†","†","†"
"LAUREL SENIOR HIGH SCHOOL","Delaware","LAUREL SENIOR HIGH SCHOOL","100081000100","LAUREL SCHOOL DISTRICT","1000810","SUSSEX COUNTY","10005","10","1133 SOUTH CENTRAL AVE","LAUREL","DE ","19956","1491","1133 SOUTH CENTRAL AVENUE","LAUREL","DE ","19956","1491","3028756120","1-Regular school","38.545400","-75.567900","756","16","1000","9th Grade","12th Grade","479"
"LEACH (JOHN G.) SCHOOL","Delaware","LEACH (JOHN G.) SCHOOL","100023000196","COLONIAL SCHOOL DISTRICT","1000230","NEW CASTLE COUNTY","10003","10","10 LANDERS LN","NEW CASTLE","DE ","19720","2094","10 LANDERS LANE","NEW CASTLE","DE ","19720","2094","3024294055","2-Special education school","39.689000","-75.557200","514","34","1000","Prekindergarten","12th Grade","96"
"LEASURE (MAY B.) ELEMENTARY SCHOOL","Delaware","LEASURE (MAY B.) ELEMENTARY SCHOOL","100020000224","CHRISTINA SCHOOL DISTRICT","1000200","NEW CASTLE COUNTY","10003","10","1015 CHURCH RD","NEWARK","DE ","19702","","1015 CHURCH ROAD","NEWARK","DE ","19702","","3024542103","1-Regular school","39.621200","-75.680300","322","33","1000","Prekindergarten","5th Grade","568"
"LEWIS (WILLIAM C.) DUAL LANGUAGE ELEMENTARY SCHOOL","Delaware","LEWIS (WILLIAM C.) DUAL LANGUAGE ELEMENTARY SCHOOL","100130000258","RED CLAY CONSOLIDATED SCHOOL DISTRICT","1001300","NEW CASTLE COUNTY","10003","10","920 NORTH VAN BUREN ST","WILMINGTON","DE ","19806","4540","920 NORTH VAN BUREN STREET","WILMINGTON","DE ","19806","4540","3026512695","1-Regular school","39.749400","-75.558200","246","32","1000","Kindergarten","5th Grade","467"
"LINDEN HILL ELEMENTARY SCHOOL","Delaware","LINDEN HILL ELEMENTARY SCHOOL","100130000334","RED CLAY CONSOLIDATED SCHOOL DISTRICT","1001300","NEW CASTLE COUNTY","10003","10","3415 SKYLINE DR","WILMINGTON","DE ","19808","1701","3415 SKYLINE DRIVE","WILMINGTON","DE ","19808","1701","3024543406","1-Regular school","39.733700","-75.693200","250","32","1000","Kindergarten","5th Grade","860"
"LOMBARDY ELEMENTARY SCHOOL","Delaware","LOMBARDY ELEMENTARY SCHOOL","100124000282","BRANDYWINE SCHOOL DISTRICT","1001240","NEW CASTLE COUNTY","10003","10","412 FOULK RD","WILMINGTON","DE ","19803","3880","412 FOULK ROAD","WILMINGTON","DE ","19803","3880","3027627190","1-Regular school","39.784500","-75.535200","130","31","1000","Kindergarten","5th Grade","558"
"LONG NECK ELEMENTARY SCHOOL","Delaware","LONG NECK ELEMENTARY SCHOOL","100068000074","INDIAN RIVER SCHOOL DISTRICT","1000680","SUSSEX COUNTY","10005","10","26064 SCHOOL LN","MILLSBORO","DE ","19966","1199","26064 SCHOOL LANE","MILLSBORO","DE ","19966","1199","3029456200","1-Regular school","38.630600","-75.185500","690","36","1000","Prekindergarten","5th Grade","718"
"LORD BALTIMORE ELEMENTARY SCHOOL","Delaware","LORD BALTIMORE ELEMENTARY SCHOOL","100068000086","INDIAN RIVER SCHOOL DISTRICT","1000680","SUSSEX COUNTY","10005","10","120 ATLANTIC AVE","OCEAN VIEW","DE ","19970","0021","120 ATLANTIC AVENUE","OCEAN VIEW","DE ","19970","0021","3025372700","1-Regular school","38.545200","-75.099900","736","36","1000","Prekindergarten","5th Grade","656"
"LOSS (OLIVE B.) ELEMENTARY SCHOOL","Delaware","LOSS (OLIVE B.) ELEMENTARY SCHOOL","100008000121","APPOQUINIMINK SCHOOL DISTRICT","1000080","NEW CASTLE COUNTY","10003","10","200 BRENNAN BLVD","BEAR","DE ","19701","","200 BRENNAN BOULEVARD","BEAR","DE ","19701","","3028321343","1-Regular school","39.561100","-75.741800","20","29","1000","1st Grade","5th Grade","647"
"MACLARY (R. ELISABETH) ELEMENTARY SCHOOL","Delaware","MACLARY (R. ELISABETH) ELEMENTARY SCHOOL","100020000223","CHRISTINA SCHOOL DISTRICT","1000200","NEW CASTLE COUNTY","10003","10","300 ST REGIS DR","NEWARK","DE ","19711","3800","300 ST. REGIS DRIVE","NEWARK","DE ","19711","3800","3024542142","1-Regular school","39.702000","-75.734800","324","33","1000","Prekindergarten","5th Grade","409"
"MAPLE LANE ELEMENTARY SCHOOL","Delaware","MAPLE LANE ELEMENTARY SCHOOL","100124000281","BRANDYWINE SCHOOL DISTRICT","1001240","NEW CASTLE COUNTY","10003","10","100 MAPLE LN","CLAYMONT","DE ","19703","2479","100 MAPLE LANE","CLAYMONT","DE ","19703","2479","3027923906","1-Regular school","39.791900","-75.472500","132","31","1000","Kindergarten","6th Grade","446"
"MARBROOK ELEMENTARY SCHOOL","Delaware","MARBROOK ELEMENTARY SCHOOL","100130000255","RED CLAY CONSOLIDATED SCHOOL DISTRICT","1001300","NEW CASTLE COUNTY","10003","10","2101 CENTERVILLE RD","WILMINGTON","DE ","19808","4799","2101 CENTERVILLE ROAD","WILMINGTON","DE ","19808","4799","3029925555","1-Regular school","39.741900","-75.624400","256","32","1000","Kindergarten","5th Grade","593"
"MARINER MIDDLE SCHOOL","Delaware","MARINER MIDDLE SCHOOL","100017000033","CAPE HENLOPEN SCHOOL DISTRICT","1000170","SUSSEX COUNTY","10005","10","16391 HARBESON RD","MILTON","DE ","19968","1106","16391 HARBESON RD.","MILTON","DE ","19968","1106","3026848516","1-Regular school","38.764500","-75.311800","720","17","1000","5th Grade","8th Grade","506"
"MARSHALL (THURGOOD) ELEMENTARY SCHOOL","Delaware","MARSHALL (THURGOOD) ELEMENTARY SCHOOL","100020000005","CHRISTINA SCHOOL DISTRICT","1000200","NEW CASTLE COUNTY","10003","10","101 BARRETT RUN RD","NEWARK","DE ","19702","2949","101 BARRETT RUN ROAD","NEWARK","DE ","19702","2949","3024544700","1-Regular school","39.645500","-75.683600","312","33","1000","Kindergarten","5th Grade","635"
"MCCULLOUGH (CALVIN R. ) MIDDLE SCHOOL","Delaware","MCCULLOUGH (CALVIN R. ) MIDDLE SCHOOL","100023000271","COLONIAL SCHOOL DISTRICT","1000230","NEW CASTLE COUNTY","10003","10","20 CHASE AVE","NEW CASTLE","DE ","19720","1299","20 CHASE AVENUE","NEW CASTLE","DE ","19720","1299","3024294000","1-Regular school","39.697900","-75.558800","476","34","1000","6th Grade","8th Grade","754"
"MCILVAINE (J. RALPH) EARLY CHILDHOOD CENTER","Delaware","MCILVAINE (J. RALPH) EARLY CHILDHOOD CENTER","100018000309","CAESAR RODNEY SCHOOL DISTRICT","1000180","KENT COUNTY","10001","10","11 EAST WALNUT","MAGNOLIA","DE ","19962","","POST OFFICE BOX 258","MAGNOLIA","DE ","19962","","3023355039","1-Regular school","39.072100","-75.474600","611","10","1000","Kindergarten","Kindergarten","534"
"MCKEAN (THOMAS) HIGH SCHOOL","Delaware","MCKEAN (THOMAS) HIGH SCHOOL","100130000274","RED CLAY CONSOLIDATED SCHOOL DISTRICT","1001300","NEW CASTLE COUNTY","10003","10","301 MCKENNAN'S CHURCH RD","WILMINGTON","DE ","19808","1398","301 MCKENNAN'S CHURCH ROAD","WILMINGTON","DE ","19808","1398","3029925520","1-Regular school","39.757500","-75.666500","294","32","1000","8th Grade","12th Grade","873"
"MCVEY (JOSEPH M.) ELEMENTARY SCHOOL","Delaware","MCVEY (JOSEPH M.) ELEMENTARY SCHOOL","100020000221","CHRISTINA SCHOOL DISTRICT","1000200","NEW CASTLE COUNTY","10003","10","908 JANICE DR","NEWARK","DE ","19713","4099","908 JANICE DRIVE","NEWARK","DE ","19713","4099","3024542145","1-Regular school","39.655200","-75.749100","326","33","1000","Kindergarten","5th Grade","445"
"MEADOWOOD PROGRAM","Delaware","MEADOWOOD PROGRAM","100130000249","RED CLAY CONSOLIDATED SCHOOL DISTRICT","1001300","NEW CASTLE COUNTY","10003","10","55A SOUTH MEADOWOOD DR","NEWARK","DE ","19711","6756","55A SOUTH MEADOWOOD DRIVE","NEWARK","DE ","19711","6756","3024543400","2-Special education school","39.705200","-75.683100","516","32","1000","Prekindergarten","12th Grade","147"
"MEREDITH (EVERETT) MIDDLE SCHOOL","Delaware","MEREDITH (EVERETT) MIDDLE SCHOOL","100008000014","APPOQUINIMINK SCHOOL DISTRICT","1000080","NEW CASTLE COUNTY","10003","10","504 SOUTH BROAD ST","MIDDLETOWN","DE ","19709","1196","504 SOUTH BROAD STREET","MIDDLETOWN","DE ","19709","1196","3023785001","1-Regular school","39.443200","-75.716100","17","29","1000","6th Grade","8th Grade","708"
"MIDDLETOWN HIGH SCHOOL","Delaware","MIDDLETOWN HIGH SCHOOL","100008000024","APPOQUINIMINK SCHOOL DISTRICT","1000080","NEW CASTLE COUNTY","10003","10","120 SILVER LAKE RD","MIDDLETOWN","DE ","19709","1494","120 SILVER LAKE ROAD","MIDDLETOWN","DE ","19709","1494","3023764141","1-Regular school","39.450000","-75.693000","18","29","1000","8th Grade","12th Grade","1281"
"MILFORD CENTRAL ACADEMY","Delaware","MILFORD CENTRAL ACADEMY","100108000345","MILFORD SCHOOL DISTRICT","1001080","KENT COUNTY","10001","10","1021 NORTH WALNUT ST","MILFORD","DE ","19963","1298","1021 N WALNUT STREET","MILFORD","DE ","19963","1298","3024307900","1-Regular school","38.929500","-75.429300","675","18","1000","6th Grade","8th Grade","981"
"MILFORD ILC","Delaware","MILFORD ILC","100108000263","MILFORD SCHOOL DISTRICT","1001080","SUSSEX COUNTY","10005","10","906 LAKEVIEW AVE","MILFORD","DE ","19963","","906 LAKEVIEW AVENUE","MILFORD","DE ","19963","","3024221600","2-Special education school","38.902300","-75.438800","679","18","1000","†","†","†"
"MILFORD SENIOR HIGH SCHOOL","Delaware","MILFORD SENIOR HIGH SCHOOL","100108000111","MILFORD SCHOOL DISTRICT","1001080","KENT COUNTY","10001","10","1019 NORTH WALNUT ST","MILFORD","DE ","19963","1298","1019 NORTH WALNUT STREET","MILFORD","DE ","19963","1298","3024221610","1-Regular school","38.930100","-75.427400","678","18","1000","8th Grade","12th Grade","1049"
"MILLSBORO MIDDLE SCHOOL","Delaware","MILLSBORO MIDDLE SCHOOL","100068000303","INDIAN RIVER SCHOOL DISTRICT","1000680","SUSSEX COUNTY","10005","10","302 EAST STATE ST","MILLSBORO","DE ","19966","0668","302 EAST STATE STREET","MILLSBORO","DE ","19966","0668","3029343200","1-Regular school","38.590200","-75.287900","741","36","1000","6th Grade","8th Grade","658"
"MILTON ELEMENTARY SCHOOL","Delaware","MILTON ELEMENTARY SCHOOL","100017000140","CAPE HENLOPEN SCHOOL DISTRICT","1000170","SUSSEX COUNTY","10005","10","512 FEDERAL ST","MILTON","DE ","19968","","512 FEDERAL STREET","MILTON","DE ","19968","","3026842516","1-Regular school","38.772000","-75.314900","721","17","1000","Prekindergarten","5th Grade","559"
"MISPILLION ELEMENTARY","Delaware","MISPILLION ELEMENTARY","100108000344","MILFORD SCHOOL DISTRICT","1001080","SUSSEX COUNTY","10005","10","311 LOVERS LN","MILFORD","DE ","19963","2699","311 LOVERS LANE","MILFORD","DE ","19963","2699","3024245800","1-Regular school","38.907600","-75.416400","673","18","1000","1st Grade","5th Grade","570"
"MOORE (JOHN BASSETT) SCHOOL","Delaware","MOORE (JOHN BASSETT) SCHOOL","100162000300","SMYRNA SCHOOL DISTRICT","1001620","KENT COUNTY","10001","10","20 WEST FRAZIER ST","SMYRNA","DE ","19977","1497","20 WEST FRAZIER STREET","SMYRNA","DE ","19977","1497","3026596297","1-Regular school","39.298600","-75.605200","686","24","1000","5th Grade","6th Grade","417"
"MORRIS (EVELYN I.) EARLY CHILDHOOD","Delaware","MORRIS (EVELYN I.) EARLY CHILDHOOD","100108000002","MILFORD SCHOOL DISTRICT","1001080","SUSSEX COUNTY","10005","10","8609 THIRD ST","LINCOLN","DE ","19960","9998","8609 THIRD STREET","LINCOLN","DE ","19960","9998","3024221650","1-Regular school","38.869400","-75.418200","670","18","1000","Prekindergarten","1st Grade","422"
"MOT CHARTER SCHOOL","Delaware","MOT CHARTER SCHOOL","100001900123","MOT CHARTER SCHOOL","1000019","NEW CASTLE COUNTY","10003","10","1156 LEVELS RD","MIDDLETOWN","DE ","19709","","1156 LEVELS ROAD","MIDDLETOWN","DE ","19709","","3023765125","1-Regular school","39.422700","-75.740200","587","88","1000","Kindergarten","8th Grade","679"
"MOTE (ANNA P.) ELEMENTARY SCHOOL","Delaware","MOTE (ANNA P.) ELEMENTARY SCHOOL","100130000254","RED CLAY CONSOLIDATED SCHOOL DISTRICT","1001300","NEW CASTLE COUNTY","10003","10","2110 EDWARDS AVE","WILMINGTON","DE ","19808","3195","2110 EDWARDS AVENUE","WILMINGTON","DE ","19808","3195","3029925565","1-Regular school","39.736200","-75.638200","264","32","1000","Prekindergarten","5th Grade","598"
"MOUNT PLEASANT ELEMENTARY SCHOOL","Delaware","MOUNT PLEASANT ELEMENTARY SCHOOL","100124000318","BRANDYWINE SCHOOL DISTRICT","1001240","NEW CASTLE COUNTY","10003","10","500 DUNCAN RD","WILMINGTON","DE ","19809","2359","500 DUNCAN ROAD","WILMINGTON","DE ","19809","2359","3027627120","1-Regular school","39.770600","-75.496300","176","31","1000","Kindergarten","5th Grade","816"
"MOUNT PLEASANT HIGH SCHOOL","Delaware","MOUNT PLEASANT HIGH SCHOOL","100124000246","BRANDYWINE SCHOOL DISTRICT","1001240","NEW CASTLE COUNTY","10003","10","5201 WASHINGTON ST EXTENSI","WILMINGTON","DE ","19809","2198","5201 WASHINGTON STREET EXTENSI","WILMINGTON","DE ","19809","2198","3027627125","1-Regular school","39.772800","-75.504800","196","31","1000","9th Grade","12th Grade","1032"
"MOYER (MAURICE J.) ACADEMY","Delaware","MOYER (MAURICE J.) ACADEMY","100002300253","MOYER (MAURICE J.) ACADEMY","1000023","NEW CASTLE COUNTY","10003","10","610 EAST 17TH ST","WILMINGTON","DE ","19802","","610 EAST 17TH STREET","WILMINGTON","DE ","19802","","3024289501","1-Regular school","39.748300","-75.537200","574","75","1000","6th Grade","12th Grade","227"
"NEW CASTLE ELEMENTARY SCHOOL","Delaware","NEW CASTLE ELEMENTARY SCHOOL","100023000366","COLONIAL SCHOOL DISTRICT","1000230","NEW CASTLE COUNTY","10003","10","903 DELAWARE ST","NEW CASTLE","DE ","19720","6097","903 DELAWARE STREET","NEW CASTLE","DE ","19720","6097","3023232880","1-Regular school","39.664800","-75.572000","432","34","1000","Kindergarten","5th Grade","564"
"NEWARK CHARTER SCHOOL","Delaware","NEWARK CHARTER SCHOOL","100001500112","NEWARK CHARTER SCHOOL","1000015","NEW CASTLE COUNTY","10003","10","2001 PATRIOT WAY","NEWARK","DE ","19711","","2001 PATRIOT WAY","NEWARK","DE ","19711","","3023692001","1-Regular school","39.662300","-75.776400","588","89","1000","Kindergarten","9th Grade","1760"
"NEWARK HIGH SCHOOL","Delaware","NEWARK HIGH SCHOOL","100020000238","CHRISTINA SCHOOL DISTRICT","1000200","NEW CASTLE COUNTY","10003","10","750 EAST DELAWARE AVE","NEWARK","DE ","19711","7188","750 EAST DELAWARE AVENUE","NEWARK","DE ","19711","7188","3026314700","1-Regular school","39.680700","-75.739200","394","33","1000","9th Grade","12th Grade","1549"
"NORTH DOVER ELEMENTARY SCHOOL","Delaware","NORTH DOVER ELEMENTARY SCHOOL","100019000011","CAPITAL SCHOOL DISTRICT","1000190","KENT COUNTY","10001","10","855 COLLEGE RD","DOVER","DE ","19904","2234","855 COLLEGE ROAD","DOVER","DE ","19904","2234","3026721980","1-Regular school","39.179000","-75.553600","635","13","1000","Kindergarten","4th Grade","387"
"NORTH GEORGETOWN ELEMENTARY SCHOOL","Delaware","NORTH GEORGETOWN ELEMENTARY SCHOOL","100068000067","INDIAN RIVER SCHOOL DISTRICT","1000680","SUSSEX COUNTY","10005","10","664 NORTH BEDFORD ST","GEORGETOWN","DE ","19947","2162","664 NORTH BEDFORD STREET","GEORGETOWN","DE ","19947","2162","3028552430","1-Regular school","38.705400","-75.399700","692","36","1000","Prekindergarten","5th Grade","874"
"NORTH LAUREL ELEMENTARY SCHOOL","Delaware","NORTH LAUREL ELEMENTARY SCHOOL","100081000101","LAUREL SCHOOL DISTRICT","1000810","SUSSEX COUNTY","10005","10","300 WILSON ST","LAUREL","DE ","19956","1626","300 WILSON STREET","LAUREL","DE ","19956","1626","3028756130","1-Regular school","38.564300","-75.568200","752","16","1000","2nd Grade","4th Grade","578"
"NORTH SMYRNA ELEMENTARY SCHOOL","Delaware","NORTH SMYRNA ELEMENTARY SCHOOL","100162000301","SMYRNA SCHOOL DISTRICT","1001620","KENT COUNTY","10001","10","365 NORTH MAIN ST","SMYRNA","DE ","19977","1092","365 NORTH MAIN STREET","SMYRNA","DE ","19977","1092","3026538589","1-Regular school","39.304400","-75.613200","684","24","1000","Prekindergarten","6th Grade","485"
"NORTH STAR ELEMENTARY SCHOOL","Delaware","NORTH STAR ELEMENTARY SCHOOL","100130000179","RED CLAY CONSOLIDATED SCHOOL DISTRICT","1001300","NEW CASTLE COUNTY","10003","10","1340 LITTLE BALTIMORE RD","HOCKESSIN","DE ","19707","","1340 LITTLE BALTIMORE ROAD","HOCKESSIN","DE ","19707","","3022347200","1-Regular school","39.766700","-75.714100","270","32","1000","Kindergarten","5th Grade","701"
"OBERLE (WILLIAM) ELEMENTARY SCHOOL","Delaware","OBERLE (WILLIAM) ELEMENTARY SCHOOL","100020000343","CHRISTINA SCHOOL DISTRICT","1000200","NEW CASTLE COUNTY","10003","10","500 SOUTH CALEDONIA WAY","BEAR","DE ","19701","","500 SOUTH CALEDONIA WAY","BEAR","DE ","19701","","3028345910","1-Regular school","39.616100","-75.696000","327","33","1000","Kindergarten","5th Grade","708"
"ODYSSEY CHARTER SCHOOL","Delaware","ODYSSEY CHARTER SCHOOL","100002600259","ODYSSEY CHARTER SCHOOL","1000026","NEW CASTLE COUNTY","10003","10","201 BAYARD AVE","WILMINGTON","DE ","19805","1512","201 BAYARD AVE","WILMINGTON","DE ","19805","1512","3026555760","1-Regular school","39.748800","-75.576200","585","86","1000","Kindergarten","6th Grade","702"
"OLD STATE ELEMENTARY SCHOOL","Delaware","OLD STATE ELEMENTARY SCHOOL","100008000347","APPOQUINIMINK SCHOOL DISTRICT","1000080","NEW CASTLE COUNTY","10003","10","118 SOUTH SIXTH ST","ODESSA","DE ","19730","4010","PO BOX 4010","ODESSA","DE ","19730","4010","3023764128","1-Regular school","39.455100","-75.662800","32","29","1000","1st Grade","5th Grade","776"
"PENN (WILLIAM) HIGH SCHOOL","Delaware","PENN (WILLIAM) HIGH SCHOOL","100023000209","COLONIAL SCHOOL DISTRICT","1000230","NEW CASTLE COUNTY","10003","10","713 EAST BASIN RD","NEW CASTLE","DE ","19720","4295","713 EAST BASIN ROAD","NEW CASTLE","DE ","19720","4295","3023232800","1-Regular school","39.668300","-75.584700","490","34","1000","9th Grade","12th Grade","2187"
"PHILLIS WHEATLEY MIDDLE SCHOOL","Delaware","PHILLIS WHEATLEY MIDDLE SCHOOL","100185000073","WOODBRIDGE SCHOOL DISTRICT","1001850","SUSSEX COUNTY","10005","10","48 CHURCH ST","BRIDGEVILLE","DE ","19933","1034","48 CHURCH STREET","BRIDGEVILLE","DE ","19933","1034","3023373469","1-Regular school","38.750600","-75.602400","775","35","1000","5th Grade","8th Grade","782"
"PLEASANTVILLE ELEMENTARY SCHOOL","Delaware","PLEASANTVILLE ELEMENTARY SCHOOL","100023000198","COLONIAL SCHOOL DISTRICT","1000230","NEW CASTLE COUNTY","10003","10","16 PLEASANT ST","NEW CASTLE","DE ","19720","3005","16 PLEASANT STREET","NEW CASTLE","DE ","19720","3005","3023232935","1-Regular school","39.667900","-75.625900","418","34","1000","Kindergarten","5th Grade","496"
"POLYTECH HIGH SCHOOL","Delaware","POLYTECH HIGH SCHOOL","100075000092","POLYTECH SCHOOL DISTRICT","1000750","KENT COUNTY","10001","10","823 WALNUT SHADE RD","WOODSIDE","DE ","19980","0097","PO BOX 97","WOODSIDE","DE ","19980","0097","3026973255","3-Vocational school","39.072400","-75.546400","652","39","1000","9th Grade","12th Grade","1206"
"POSITIVE OUTCOMES CHARTER SCHOOL","Delaware","POSITIVE OUTCOMES CHARTER SCHOOL","100000500013","POSITIVE OUTCOMES CHARTER SCHOOL","1000005","KENT COUNTY","10001","10","3337 SOUTH DUPONT HWY","CAMDEN","DE ","19934","","3337 SOUTH DUPONT HIGHWAY","CAMDEN","DE ","19934","","3026978805","4-Alternative/other school","39.108400","-75.538800","570","71","1000","7th Grade","12th Grade","120"
"POSTLETHWAIT (F. NIEL) MIDDLE SCHOOL","Delaware","POSTLETHWAIT (F. NIEL) MIDDLE SCHOOL","100018000071","CAESAR RODNEY SCHOOL DISTRICT","1000180","KENT COUNTY","10001","10","2841 SOUTH STATE ST","CAMDEN","DE ","19934","9627","2841 SOUTH STATE STREET","CAMDEN","DE ","19934","9627","3026988410","1-Regular school","39.099900","-75.512100","621","10","1000","6th Grade","8th Grade","816"
"POSTLETHWAIT MIDDLE SCHOOL ILC","Delaware","POSTLETHWAIT MIDDLE SCHOOL ILC","100018000019","CAESAR RODNEY SCHOOL DISTRICT","1000180","KENT COUNTY","10001","10","2841 SOUTH STATE ST","CAMDEN","DE ","19934","9627","2841 SOUTH STATE STREET","CAMDEN","DE ","19934","9627","3026988410","2-Special education school","39.099700","-75.511400","617","10","1000","6th Grade","8th Grade","0"
"PRESTIGE ACADEMY","Delaware","PRESTIGE ACADEMY","100004800338","PRESTIGE ACADEMY","1000048","NEW CASTLE COUNTY","10003","10","1121 THATCHER ST","WILMINGTON","DE ","19802","","1121 THATCHER STREET","WILMINGTON","DE ","19802","","3027623240","1-Regular school","39.742800","-75.536300","566","67","1000","5th Grade","8th Grade","287"
"PROVIDENCE CREEK ACADEMY CHARTER SCHOOL","Delaware","PROVIDENCE CREEK ACADEMY CHARTER SCHOOL","100001800122","PROVIDENCE CREEK ACADEMY CHARTER SCHOOL","1000018","KENT COUNTY","10001","10","273 WEST DUCK CREEK RD","CLAYTON","DE ","19938","","273 WEST DUCK CREEK ROAD","CLAYTON","DE ","19938","","3026536276","1-Regular school","39.293300","-75.638200","586","87","1000","Kindergarten","8th Grade","697"
"PULASKI (CASIMIR) ELEMENTARY SCHOOL","Delaware","PULASKI (CASIMIR) ELEMENTARY SCHOOL","100020000220","CHRISTINA SCHOOL DISTRICT","1000200","NEW CASTLE COUNTY","10003","10","1300 CEDAR ST","WILMINGTON","DE ","19805","4396","1300 CEDAR STREET","WILMINGTON","DE ","19805","4396","3024294136","1-Regular school","39.737000","-75.570800","358","33","1000","Prekindergarten","5th Grade","424"
"PYLE (SARAH) ACADEMY","Delaware","PYLE (SARAH) ACADEMY","100020000227","CHRISTINA SCHOOL DISTRICT","1000200","NEW CASTLE COUNTY","10003","10","501 NORTH LOMBARD ST","WILMINGTON","DE ","19801","4499","501 NORTH LOMBARD STREET","WILMINGTON","DE ","19801","4499","3024294158","4-Alternative/other school","39.739600","-75.546200","354","33","1000","†","†","†"
"REACH ACADEMY FOR GIRLS","Delaware","REACH ACADEMY FOR GIRLS","100005100340","REACH ACADEMY FOR GIRLS","1000051","NEW CASTLE COUNTY","10003","10","170 LUKENS DR","NEW CASTLE","DE ","19720","","170 LUKENS DRIVE","NEW CASTLE","DE ","19720","","3026543720","1-Regular school","39.677900","-75.546000","572","73","1000","Kindergarten","8th Grade","468"
"READ (GEORGE) MIDDLE SCHOOL","Delaware","READ (GEORGE) MIDDLE SCHOOL","100023000206","COLONIAL SCHOOL DISTRICT","1000230","NEW CASTLE COUNTY","10003","10","314 EAST BASIN RD","NEW CASTLE","DE ","19720","4298","314 EAST BASIN ROAD","NEW CASTLE","DE ","19720","4298","3023232760","1-Regular school","39.677300","-75.585700","474","34","1000","6th Grade","8th Grade","702"
"REDDING (LOUIS L.) MIDDLE SCHOOL","Delaware","REDDING (LOUIS L.) MIDDLE SCHOOL","100008000026","APPOQUINIMINK SCHOOL DISTRICT","1000080","NEW CASTLE COUNTY","10003","10","201 NEW ST","MIDDLETOWN","DE ","19709","1140","201 NEW STREET","MIDDLETOWN","DE ","19709","1140","3023785030","1-Regular school","39.452200","-75.709900","16","29","1000","6th Grade","8th Grade","799"
"REHOBOTH ELEMENTARY SCHOOL","Delaware","REHOBOTH ELEMENTARY SCHOOL","100017000035","CAPE HENLOPEN SCHOOL DISTRICT","1000170","SUSSEX COUNTY","10005","10","500 STOCKLEY ST","REHOBOTH BEACH","DE ","19971","1899","500 STOCKLEY STREET","REHOBOTH BEACH","DE ","19971","1899","3022272571","1-Regular school","38.709700","-75.086700","722","17","1000","Prekindergarten","6th Grade","594"
"RICHARDSON PARK ELEMENTARY SCHOOL","Delaware","RICHARDSON PARK ELEMENTARY SCHOOL","100130000252","RED CLAY CONSOLIDATED SCHOOL DISTRICT","1001300","NEW CASTLE COUNTY","10003","10","16 IDELLA AVE","WILMINGTON","DE ","19804","1600","16 IDELLA AVENUE","WILMINGTON","DE ","19804","1600","3029925570","1-Regular school","39.723400","-75.591000","254","32","1000","Kindergarten","5th Grade","482"
"RICHARDSON PARK LEARNING CENTER","Delaware","RICHARDSON PARK LEARNING CENTER","100130000248","RED CLAY CONSOLIDATED SCHOOL DISTRICT","1001300","NEW CASTLE COUNTY","10003","10","99 MIDDLEBORO RD","WILMINGTON","DE ","19804","1600","99 MIDDLEBORO ROAD","WILMINGTON","DE ","19804","1600","3029925574","2-Special education school","39.723400","-75.590800","526","32","1000","Prekindergarten","5th Grade","299"
"RICHEY ELEMENTARY SCHOOL","Delaware","RICHEY ELEMENTARY SCHOOL","100130000315","RED CLAY CONSOLIDATED SCHOOL DISTRICT","1001300","NEW CASTLE COUNTY","10003","10","105 EAST HIGHLAND AVE","WILMINGTON","DE ","19804","2700","105 EAST HIGHLAND AVENUE","WILMINGTON","DE ","19804","2700","3029925535","1-Regular school","39.717200","-75.608100","260","32","1000","Kindergarten","5th Grade","429"
"ROSS (LULU M.) ELEMENTARY SCHOOL","Delaware","ROSS (LULU M.) ELEMENTARY SCHOOL","100108000109","MILFORD SCHOOL DISTRICT","1001080","SUSSEX COUNTY","10005","10","310 LOVERS LN","MILFORD","DE ","19963","2699","310 LOVERS LANE","MILFORD","DE ","19963","2699","3024221640","1-Regular school","38.906700","-75.417700","672","18","1000","2nd Grade","5th Grade","449"
"SEAFORD CENTRAL ELEMENTARY SCHOOL","Delaware","SEAFORD CENTRAL ELEMENTARY SCHOOL","100153000155","SEAFORD SCHOOL DISTRICT","1001530","SUSSEX COUNTY","10005","10","1 DELAWARE PLACE","SEAFORD","DE ","19973","1434","1 DELAWARE PLACE","SEAFORD","DE ","19973","1434","3026294587","1-Regular school","38.651500","-75.616400","759","23","1000","Prekindergarten","5th Grade","445"
"SEAFORD MIDDLE SCHOOL","Delaware","SEAFORD MIDDLE SCHOOL","100153000156","SEAFORD SCHOOL DISTRICT","1001530","SUSSEX COUNTY","10005","10","500 EAST STEIN HWY","SEAFORD","DE ","19973","1528","500 EAST STEIN HIGHWAY","SEAFORD","DE ","19973","1528","3026294587","1-Regular school","38.648500","-75.612200","764","23","1000","6th Grade","8th Grade","762"
"SEAFORD SENIOR HIGH SCHOOL","Delaware","SEAFORD SENIOR HIGH SCHOOL","100153000158","SEAFORD SCHOOL DISTRICT","1001530","SUSSEX COUNTY","10005","10","399 NORTH MARKET ST","SEAFORD","DE ","19973","2611","399 NORTH MARKET STREET","SEAFORD","DE ","19973","2611","3026294587","1-Regular school","38.652100","-75.613700","766","23","1000","8th Grade","12th Grade","697"
"SELBYVILLE MIDDLE SCHOOL","Delaware","SELBYVILLE MIDDLE SCHOOL","100068000087","INDIAN RIVER SCHOOL DISTRICT","1000680","SUSSEX COUNTY","10005","10","80 BETHANY RD","SELBYVILLE","DE ","19975","0230","80 BETHANY RD.","SELBYVILLE","DE ","19975","0230","3024361020","1-Regular school","38.462000","-75.209000","742","36","1000","6th Grade","8th Grade","701"
"SHIELDS (RICHARD A.) ELEMENTARY SCHOOL","Delaware","SHIELDS (RICHARD A.) ELEMENTARY SCHOOL","100017000036","CAPE HENLOPEN SCHOOL DISTRICT","1000170","SUSSEX COUNTY","10005","10","910 SHIELDS AVE","LEWES","DE ","19958","1597","910 SHIELDS AVENUE","LEWES","DE ","19958","1597","3026457748","1-Regular school","38.767800","-75.147100","712","17","1000","Prekindergarten","5th Grade","702"
"SHORTLIDGE (EVAN G.) ACADEMY","Delaware","SHORTLIDGE (EVAN G.) ACADEMY","100130000219","RED CLAY CONSOLIDATED SCHOOL DISTRICT","1001300","NEW CASTLE COUNTY","10003","10","100 WEST 18TH ST","WILMINGTON","DE ","19802","4836","100 WEST 18TH STREET","WILMINGTON","DE ","19802","4836","3026512710","1-Regular school","39.752100","-75.544800","248","32","1000","Kindergarten","5th Grade","329"
"SHOWELL (PHILLIP C.) ELEMENTARY SCHOOL","Delaware","SHOWELL (PHILLIP C.) ELEMENTARY SCHOOL","100068000088","INDIAN RIVER SCHOOL DISTRICT","1000680","SUSSEX COUNTY","10005","10","41 BETHANY RD","SELBYVILLE","DE ","19975","9601","41 BETHANY ROAD","SELBYVILLE","DE ","19975","9601","3024361040","1-Regular school","38.461600","-75.215000","740","36","1000","Prekindergarten","5th Grade","379"
"SHUE-MEDILL MIDDLE SCHOOL","Delaware","SHUE-MEDILL MIDDLE SCHOOL","100020000234","CHRISTINA SCHOOL DISTRICT","1000200","NEW CASTLE COUNTY","10003","10","1500 CAPITOL TRAIL","NEWARK","DE ","19711","5716","1500 CAPITOL TRAIL","NEWARK","DE ","19711","5716","3024542171","1-Regular school","39.697300","-75.705600","376","33","1000","6th Grade","8th Grade","1026"
"SILVER LAKE ELEMENTARY SCHOOL","Delaware","SILVER LAKE ELEMENTARY SCHOOL","100008000027","APPOQUINIMINK SCHOOL DISTRICT","1000080","NEW CASTLE COUNTY","10003","10","200 EAST COCHRAN ST","MIDDLETOWN","DE ","19709","1496","200 EAST COCHRAN STREET","MIDDLETOWN","DE ","19709","1496","3023785023","1-Regular school","39.446900","-75.709900","10","29","1000","Kindergarten","5th Grade","509"
"SIMPSON (W.B.) ELEMENTARY SCHOOL","Delaware","SIMPSON (W.B.) ELEMENTARY SCHOOL","100018000047","CAESAR RODNEY SCHOOL DISTRICT","1000180","KENT COUNTY","10001","10","5 OLD NORTH RD","CAMDEN","DE ","19934","1247","5 OLD NORTH ROAD","CAMDEN","DE ","19934","1247","3026973207","1-Regular school","39.119800","-75.550000","620","10","1000","1st Grade","5th Grade","503"
"SKYLINE MIDDLE SCHOOL","Delaware","SKYLINE MIDDLE SCHOOL","100130000267","RED CLAY CONSOLIDATED SCHOOL DISTRICT","1001300","NEW CASTLE COUNTY","10003","10","2900 SKYLINE DR","WILMINGTON","DE ","19808","2800","2900 SKYLINE DRIVE","WILMINGTON","DE ","19808","2800","3024543410","1-Regular school","39.724100","-75.686200","280","32","1000","6th Grade","8th Grade","790"
"SMITH (JENNIE E.) ELEMENTARY SCHOOL","Delaware","SMITH (JENNIE E.) ELEMENTARY SCHOOL","100020000218","CHRISTINA SCHOOL DISTRICT","1000200","NEW CASTLE COUNTY","10003","10","142 BRENNEN DR","NEWARK","DE ","19713","3998","142 BRENNEN DRIVE","NEWARK","DE ","19713","3998","3024542174","1-Regular school","39.664700","-75.718800","330","33","1000","Prekindergarten","5th Grade","549"
"SMYRNA ELEMENTARY SCHOOL","Delaware","SMYRNA ELEMENTARY SCHOOL","100162000298","SMYRNA SCHOOL DISTRICT","1001620","KENT COUNTY","10001","10","121 SOUTH SCHOOL LN","SMYRNA","DE ","19977","1399","121 SOUTH SCHOOL LANE","SMYRNA","DE ","19977","1399","3026538588","1-Regular school","39.295900","-75.608200","682","24","1000","Kindergarten","4th Grade","518"
"SMYRNA HIGH SCHOOL","Delaware","SMYRNA HIGH SCHOOL","100162000299","SMYRNA SCHOOL DISTRICT","1001620","KENT COUNTY","10001","10","500 DUCK CREEK PARKWAY","SMYRNA","DE ","19977","1091","500 DUCK CREEK PARKWAY","SMYRNA","DE ","19977","1091","3026538581","1-Regular school","39.299900","-75.627800","688","24","1000","9th Grade","12th Grade","1452"
"SMYRNA ILC","Delaware","SMYRNA ILC","100162000280","SMYRNA SCHOOL DISTRICT","1001620","KENT COUNTY","10001","10","22 SOUTH MAIN ST","SMYRNA","DE ","19977","","22 SOUTH MAIN STREET","SMYRNA","DE ","19977","","3026538585","2-Special education school","39.300700","-75.606000","687","24","1000","†","†","†"
"SMYRNA MIDDLE SCHOOL","Delaware","SMYRNA MIDDLE SCHOOL","100162000141","SMYRNA SCHOOL DISTRICT","1001620","KENT COUNTY","10001","10","700 DUCK CREEK PARKWAY","SMYRNA","DE ","19977","1091","700 DUCK CREEK PARKWAY","SMYRNA","DE ","19977","1091","3026538584","1-Regular school","39.302600","-75.623800","685","24","1000","6th Grade","8th Grade","831"
"SOUTH DOVER ELEMENTARY SCHOOL","Delaware","SOUTH DOVER ELEMENTARY SCHOOL","100019000055","CAPITAL SCHOOL DISTRICT","1000190","KENT COUNTY","10001","10","955 SOUTH STATE ST","DOVER","DE ","19901","4177","955 SOUTH STATE STREET","DOVER","DE ","19901","4177","3026721690","1-Regular school","39.148300","-75.521100","634","13","1000","Kindergarten","4th Grade","503"
"SOUTHERN DELAWARE SCHOOL OF THE ARTS","Delaware","SOUTHERN DELAWARE SCHOOL OF THE ARTS","100068000075","INDIAN RIVER SCHOOL DISTRICT","1000680","SUSSEX COUNTY","10005","10","27 HOSIER ST","SELBYVILLE","DE ","19975","","27 HOSIER STREET","SELBYVILLE","DE ","19975","","3024361066","1-Regular school","38.462000","-75.225800","749","36","1000","1st Grade","8th Grade","408"
"SOUTHERN ELEMENTARY SCHOOL","Delaware","SOUTHERN ELEMENTARY SCHOOL","100023000118","COLONIAL SCHOOL DISTRICT","1000230","NEW CASTLE COUNTY","10003","10","795 COX NECK RD","NEW CASTLE","DE ","19720","5704","795 COX NECK ROAD","NEW CASTLE","DE ","19720","5704","3028326300","1-Regular school","39.565000","-75.626200","427","34","1000","Prekindergarten","5th Grade","876"
"SPRING MEADOW EARLY CHILDHOOD CENTER","Delaware","SPRING MEADOW EARLY CHILDHOOD CENTER","100008000348","APPOQUINIMINK SCHOOL DISTRICT","1000080","NEW CASTLE COUNTY","10003","10","611 CAMPUS DR","TOWNSEND","DE ","19734","4010","611 CAMPUS DRIVE","TOWNSEND","DE ","19734","4010","3023764128","1-Regular school","39.394900","-75.692100","29","29","1000","Kindergarten","Kindergarten","209"
"SPRINGER MIDDLE SCHOOL","Delaware","SPRINGER MIDDLE SCHOOL","100124000009","BRANDYWINE SCHOOL DISTRICT","1001240","NEW CASTLE COUNTY","10003","10","2220 SHIPLEY RD","WILMINGTON","DE ","19803","2398","2220 SHIPLEY ROAD","WILMINGTON","DE ","19803","2398","3024791621","1-Regular school","39.804900","-75.535900","178","31","1000","6th Grade","8th Grade","855"
"ST. GEORGES TECHNICAL HIGH SCHOOL","Delaware","ST. GEORGES TECHNICAL HIGH SCHOOL","100128000181","NEW CASTLE COUNTY VOCATIONAL-TECHNICAL SCHOOL DISTRICT","1001280","NEW CASTLE COUNTY","10003","10","555 HYETTS CORNER RD","MIDDLETOWN","DE ","19709","","555 HYETTS CORNER RD.","MIDDLETOWN","DE ","19709","","3024493360","3-Vocational school","39.527900","-75.666800","44","38","1000","9th Grade","12th Grade","1022"
"STANTON MIDDLE SCHOOL","Delaware","STANTON MIDDLE SCHOOL","100130000266","RED CLAY CONSOLIDATED SCHOOL DISTRICT","1001300","NEW CASTLE COUNTY","10003","10","1800 LIMESTONE RD","WILMINGTON","DE ","19804","4196","1800 LIMESTONE ROAD","WILMINGTON","DE ","19804","4196","3029925540","1-Regular school","39.714600","-75.652300","282","32","1000","6th Grade","8th Grade","686"
"STAR HILL ELEMENTARY SCHOOL","Delaware","STAR HILL ELEMENTARY SCHOOL","100018000046","CAESAR RODNEY SCHOOL DISTRICT","1000180","KENT COUNTY","10001","10","594 VOSHELLS MILL/STAR HILL RO","DOVER","DE ","19901","6121","594 VOSHELLS MILL/STAR HILL RO","DOVER","DE ","19901","6121","3026976117","1-Regular school","39.099700","-75.534000","618","10","1000","1st Grade","5th Grade","488"
"STOKES (NELLIE HUGHES) ELEMENTARY SCHOOL","Delaware","STOKES (NELLIE HUGHES) ELEMENTARY SCHOOL","100018000045","CAESAR RODNEY SCHOOL DISTRICT","1000180","KENT COUNTY","10001","10","3874 UPPER KING RD","DOVER","DE ","19904","","3874 UPPER KING ROAD","DOVER","DE ","19904","","3026973205","1-Regular school","39.101200","-75.553000","616","10","1000","1st Grade","5th Grade","458"
"STUBBS (FREDERICK DOUGLASS) ELEMENTARY SCHOOL","Delaware","STUBBS (FREDERICK DOUGLASS) ELEMENTARY SCHOOL","100020000217","CHRISTINA SCHOOL DISTRICT","1000200","NEW CASTLE COUNTY","10003","10","1100 NORTH PINE ST","WILMINGTON","DE ","19801","4099","1100 NORTH PINE STREET","WILMINGTON","DE ","19801","4099","3024294175","1-Regular school","39.744300","-75.540300","362","33","1000","Kindergarten","5th Grade","325"
"SUNNYSIDE ELEMENTARY SCHOOL","Delaware","SUNNYSIDE ELEMENTARY SCHOOL","100162000216","SMYRNA SCHOOL DISTRICT","1001620","KENT COUNTY","10001","10","123 RABBIT CHASE RD","SMYRNA","DE ","19977","","123  RABBIT CHASE ROAD","SMYRNA","DE ","19977","","3026538580","1-Regular school","39.273800","-75.611100","681","24","1000","Kindergarten","4th Grade","589"
"SUSSEX ACADEMY","Delaware","SUSSEX ACADEMY","100001100091","SUSSEX ACADEMY OF ARTS & SCIENCES","1000011","SUSSEX COUNTY","10005","10","21150 AIRPORT RD","GEORGETOWN","DE ","19947","","21150 AIRPORT ROAD","GEORGETOWN","DE ","19947","","3028563636","1-Regular school","38.697500","-75.367600","576","77","1000","6th Grade","9th Grade","412"
"SUSSEX CENTRAL HIGH SCHOOL","Delaware","SUSSEX CENTRAL HIGH SCHOOL","100068000090","INDIAN RIVER SCHOOL DISTRICT","1000680","SUSSEX COUNTY","10005","10","26026 PATRIOTS WAY","GEORGETOWN","DE ","19947","2399","26026 PATRIOTS WAY","GEORGETOWN","DE ","19947","2399","3029343166","1-Regular school","38.630300","-75.326100","748","36","1000","8th Grade","12th Grade","1228"
"SUSSEX CONSORTIUM","Delaware","SUSSEX CONSORTIUM","100017000304","CAPE HENLOPEN SCHOOL DISTRICT","1000170","SUSSEX COUNTY","10005","10","520 DUPONT AVE","LEWES","DE ","19958","1239","520 DUPONT AVENUE","LEWES","DE ","19958","1239","3026457210","2-Special education school","38.772400","-75.148200","728","17","1000","Prekindergarten","12th Grade","255"
"SUSSEX ORTHOPEDIC PROGRAM","Delaware","SUSSEX ORTHOPEDIC PROGRAM","100153000322","SEAFORD SCHOOL DISTRICT","1001530","SUSSEX COUNTY","10005","10","ONE DELAWARE PLACE","SEAFORD","DE ","19973","1528","ONE DELAWARE PLACE","SEAFORD","DE ","19973","1528","3026294587","2-Special education school","38.648500","-75.612300","768","23","1000","Prekindergarten","12th Grade","47"
"SUSSEX TECHNICAL HIGH SCHOOL","Delaware","SUSSEX TECHNICAL HIGH SCHOOL","100168000170","SUSSEX TECHNICAL SCHOOL DISTRICT","1001680","SUSSEX COUNTY","10005","10","17099 COUNTY SEAT HWY","GEORGETOWN","DE ","19947","0351","17099 COUNTY SEAT HIGHWAY","GEORGETOWN","DE ","19947","0351","3028560961","3-Vocational school","38.644500","-75.442200","770","40","1000","9th Grade","12th Grade","1491"
"TALLEY MIDDLE SCHOOL","Delaware","TALLEY MIDDLE SCHOOL","100124000294","BRANDYWINE SCHOOL DISTRICT","1001240","NEW CASTLE COUNTY","10003","10","1110 CYPRESS RD","WILMINGTON","DE ","19810","1999","1110 CYPRESS ROAD","WILMINGTON","DE ","19810","1999","3024753976","1-Regular school","39.823100","-75.472300","180","31","1000","6th Grade","8th Grade","729"
"THE COLWYCK CENTER","Delaware","THE COLWYCK CENTER","100023000203","COLONIAL SCHOOL DISTRICT","1000230","NEW CASTLE COUNTY","10003","10","12 LANDERS LN","NEW CASTLE","DE ","19720","2095","12 LANDERS LANE","NEW CASTLE","DE ","19720","2095","3024294085","1-Regular school","39.687100","-75.559000","450","34","1000","Prekindergarten","Prekindergarten","110"
"THE DELAWARE MET","Delaware","THE DELAWARE MET","100005800367","THE DELAWARE MET","1000058","KENT COUNTY","10001","10","401 FEDERAL ST","DOVER","DE ","19901","","401 FEDERAL STREET- SUITE 2","DOVER","DE ","19901","","3027354000","1-Regular school","39.158000","-75.521900","4060","9608","1000","†","†","†"
"TOWNE POINT ELEMENTARY SCHOOL","Delaware","TOWNE POINT ELEMENTARY SCHOOL","100019000056","CAPITAL SCHOOL DISTRICT","1000190","KENT COUNTY","10001","10","629 BUCKSON DR","DOVER","DE ","19901","2599","629 BUCKSON DRIVE","DOVER","DE ","19901","2599","3026721590","1-Regular school","39.178200","-75.521700","642","13","1000","Kindergarten","4th Grade","312"
"TOWNSEND EARLY CHILDHOOD CENTER","Delaware","TOWNSEND EARLY CHILDHOOD CENTER","100008000314","APPOQUINIMINK SCHOOL DISTRICT","1000080","NEW CASTLE COUNTY","10003","10","10 BROOK RAMBLE LN","TOWNSEND","DE ","19734","","10 BROOK RAMBLE LANE","TOWNSEND","DE ","19734","","3023789960","1-Regular school","39.395400","-75.688000","27","29","1000","Prekindergarten","Kindergarten","140"
"TOWNSEND ELEMENTARY SCHOOL","Delaware","TOWNSEND ELEMENTARY SCHOOL","100008000028","APPOQUINIMINK SCHOOL DISTRICT","1000080","NEW CASTLE COUNTY","10003","10","126 MAIN ST","TOWNSEND","DE ","19734","0369","PO BOX 369","TOWNSEND","DE ","19734","0369","3023785020","1-Regular school","39.395900","-75.688100","14","29","1000","1st Grade","5th Grade","0"
"WARNER ELEMENTARY SCHOOL","Delaware","WARNER ELEMENTARY SCHOOL","100130000250","RED CLAY CONSOLIDATED SCHOOL DISTRICT","1001300","NEW CASTLE COUNTY","10003","10","801 WEST 18TH ST","WILMINGTON","DE ","19802","3890","801 WEST 18TH STREET","WILMINGTON","DE ","19802","3890","3026512740","1-Regular school","39.758500","-75.548700","266","32","1000","Kindergarten","5th Grade","558"
"WATERS (ALFRED G.) MIDDLE SCHOOL","Delaware","WATERS (ALFRED G.) MIDDLE SCHOOL","100008000222","APPOQUINIMINK SCHOOL DISTRICT","1000080","NEW CASTLE COUNTY","10003","10","1235 CEDAR LN RD","MIDDLETOWN","DE ","19709","","1235 CEDAR LANE ROAD","MIDDLETOWN","DE ","19709","","3024493490","1-Regular school","39.503500","-75.689100","23","29","1000","6th Grade","8th Grade","869"
"WELCH (MAJOR GEORGE S.) ELEMENTARY SCHOOL","Delaware","WELCH (MAJOR GEORGE S.) ELEMENTARY SCHOOL","100018000044","CAESAR RODNEY SCHOOL DISTRICT","1000180","KENT COUNTY","10001","10","3100 HAWTHORNE DR","DOVER","DE ","19901","5391","3100 HAWTHORNE DRIVE","DOVER","DE ","19901","5391","3026749080","1-Regular school","39.117900","-75.487900","612","10","1000","1st Grade","5th Grade","379"
"WEST PARK PLACE ELEMENTARY SCHOOL","Delaware","WEST PARK PLACE ELEMENTARY SCHOOL","100020000316","CHRISTINA SCHOOL DISTRICT","1000200","NEW CASTLE COUNTY","10003","10","193 WEST PARK PLACE","NEWARK","DE ","19711","4520","193 WEST PARK PLACE","NEWARK","DE ","19711","4520","3024542290","1-Regular school","39.672800","-75.762400","332","33","1000","Kindergarten","5th Grade","369"
"WEST SEAFORD ELEMENTARY SCHOOL","Delaware","WEST SEAFORD ELEMENTARY SCHOOL","100153000160","SEAFORD SCHOOL DISTRICT","1001530","SUSSEX COUNTY","10005","10","511 SUSSEX AVE","SEAFORD","DE ","19973","2041","511 SUSSEX AVENUE","SEAFORD","DE ","19973","2041","3026284414","1-Regular school","38.642700","-75.631600","760","23","1000","Kindergarten","5th Grade","421"
"WESTERN SUSSEX ACADEMY","Delaware","WESTERN SUSSEX ACADEMY","100081000021","LAUREL SCHOOL DISTRICT","1000810","SUSSEX COUNTY","10005","10","815 CENTRAL AVE","LAUREL","DE ","19956","","815 CENTRAL AVENUE","LAUREL","DE ","19956","","3028756196","4-Alternative/other school","38.552400","-75.570600","765","16","1000","8th Grade","12th Grade","6"
"WILBUR (KATHLEEN H.) ELEMENTARY","Delaware","WILBUR (KATHLEEN H.) ELEMENTARY","100023000237","COLONIAL SCHOOL DISTRICT","1000230","NEW CASTLE COUNTY","10003","10","4050 WRANGLE HILL RD","BEAR","DE ","19701","","4050 WRANGLE HILL ROAD","BEAR","DE ","19701","","3028326330","1-Regular school","39.583400","-75.666900","422","34","1000","Kindergarten","5th Grade","1124"
"WILLIAM HENRY MIDDLE SCHOOL","Delaware","WILLIAM HENRY MIDDLE SCHOOL","100019000058","CAPITAL SCHOOL DISTRICT","1000190","KENT COUNTY","10001","10","CARVER RD","DOVER","DE ","19904","2716","CARVER ROAD","DOVER","DE ","19904","2716","3026721622","1-Regular school","39.160800","-75.542100","646","13","1000","5th Grade","6th Grade","918"
"WILMINGTON MANOR ELEMENTARY SCHOOL","Delaware","WILMINGTON MANOR ELEMENTARY SCHOOL","100023000197","COLONIAL SCHOOL DISTRICT","1000230","NEW CASTLE COUNTY","10003","10","200 EAST ROOSEVELT AVE","NEW CASTLE","DE ","19720","3399","200 EAST ROOSEVELT AVENUE","NEW CASTLE","DE ","19720","3399","3023232901","1-Regular school","39.683900","-75.583100","420","34","1000","Kindergarten","5th Grade","334"
"WILSON (ETTA J.) ELEMENTARY SCHOOL","Delaware","WILSON (ETTA J.) ELEMENTARY SCHOOL","100020000214","CHRISTINA SCHOOL DISTRICT","1000200","NEW CASTLE COUNTY","10003","10","14 FORGE RD","NEWARK","DE ","19711","7699","14 FORGE ROAD","NEWARK","DE ","19711","7699","3024542180","1-Regular school","39.715800","-75.707700","334","33","1000","Kindergarten","5th Grade","497"
"WOODBRIDGE ELEMENTARY SCHOOL","Delaware","WOODBRIDGE ELEMENTARY SCHOOL","100185000193","WOODBRIDGE SCHOOL DISTRICT","1001850","SUSSEX COUNTY","10005","10","400 GOVERNORS AVE","GREENWOOD","DE ","19950","2007","PO BOX 2007","GREENWOOD","DE ","19950","2007","3023494539","1-Regular school","38.803800","-75.587100","776","35","1000","Prekindergarten","4th Grade","957"
"WOODBRIDGE HIGH SCHOOL","Delaware","WOODBRIDGE HIGH SCHOOL","100185000194","WOODBRIDGE SCHOOL DISTRICT","1001850","SUSSEX COUNTY","10005","10","307 LAWS ST","BRIDGEVILLE","DE ","19933","1299","307 LAWS STREET","BRIDGEVILLE","DE ","19933","1299","3023378289","1-Regular school","38.740000","-75.600700","780","35","1000","9th Grade","12th Grade","570"
"","","","","","","","","","","","","","","","","","","","","","","","","","","","",""
"Data Source: U.S. Department of Education, National Center for Education Statistics, Common Core of Data (CCD), ""Public Elementary/Secondary School Universe Survey"", 2012-13 v.1a,  2013-14 v.1a.","","","","","","","","","","","","","","","","","","","","","","","","","","","",""
"","","","","","","","","","","","","","","","","","","","","","","","","","","","",""
"† indicates that the data are not applicable.","","","","","","","","","","","","","","","","","","","","","","","","","","","",""
"– indicates that the data are missing.","","","","","","","","","","","","","","","","","","","","","","","","","","","",""
"‡ indicates that the data do not meet NCES data quality standards.","","","","","","","","","","","","","","","","","","","","","","","","","","","",""
